k,observed_wcss,gap,gap_se,gap_rule_selected
2,50059.30838748284,3.083626511282805,0.007058476032963891,False
3,21031.992729437632,3.16083083649243,0.00834691889886342,True
4,13597.066335970758,3.046253061322899,0.011594504072887063,False
5,10359.449133721879,2.9037761529777715,0.008386915416972006,False
6,8272.386761503394,2.8057862850854853,0.003904461616947135,False
7,6504.710992468664,2.7838204188488067,0.007822263408813136,False
8,5786.939467061014,2.6895253605080427,0.006526702539577655,False
9,5233.758594528346,2.612129027731358,0.005808048399441781,False
10,4715.764020564476,2.5593077744126997,0.005314507490196957,False
