k,inertia,silhouette,davies_bouldin,calinski_harabasz,resample_ari_mean,smallest_cluster_pct,largest_cluster_pct,mean_metric_rank,selected_k
2,997.418211802272,0.513638366379019,0.714500751478967,19864.713444787703,0.9963136979011432,45.05833333333334,54.94166666666666,1.0,False
3,637.9056390684775,0.4429597127888104,0.8527282905022654,18909.47988007416,0.9899881076325006,28.925,35.88333333333333,2.25,False
4,495.91522039098766,0.4402500417174266,0.9248042384872648,17359.295284495798,0.9885571901167076,17.008333333333333,34.09166666666666,3.5,False
5,406.4065758407172,0.4275483351996025,0.8826519886824755,16546.023298574917,0.9934937554221588,13.225,29.291666666666664,3.25,True
6,362.0142122503282,0.3920426888736463,0.9384849166795216,15155.229360319316,0.9496196668264116,10.191666666666666,24.683333333333337,5.25,False
7,319.520155233934,0.3755070026652902,0.9800220947542588,14571.425920823707,0.9684041307188712,8.291666666666666,24.1,5.75,False
8,295.8056935456125,0.3440317410385229,1.0135061119646998,13627.574161402294,0.9053497134554582,7.208333333333333,19.28333333333333,7.0,False
9,273.2675812072606,0.3381529915461948,1.039822120509566,13029.935166757765,0.884007091937946,6.808333333333333,18.725,8.25,False
10,252.98939485499943,0.3359222791135727,1.0390664372329326,12616.287548618622,0.8462628341360453,6.408333333333334,18.45,8.75,False
