k,inertia,runtime_sec,distance_from_endpoint_line,detected_elbow,gap,gap_se,gap_rule_selected,consensus_candidate,operational_k_selected
2,50059.30838748284,0.06810441700508818,0.0,False,3.083626511282805,0.007058476032963891,False,False,False
3,21031.992729437632,0.01851387499482371,0.5151642408709207,False,3.16083083649243,0.00834691889886342,True,True,True
4,13597.066335970758,0.025181374978274107,0.5541330372513649,True,3.046253061322899,0.011594504072887063,False,False,False
5,10359.449133721879,0.03144312501535751,0.5005349809558577,False,2.9037761529777715,0.008386915416972006,False,False,False
6,8272.386761503394,0.0447268330026418,0.4215627540679473,False,2.8057862850854853,0.003904461616947135,False,False,False
7,6504.710992468664,0.04822966599022038,0.3355468210109891,False,2.7838204188488067,0.007822263408813136,False,False,False
8,5786.939467061014,0.05106116601382382,0.22637645090492653,False,2.6895253605080427,0.006526702539577655,False,False,False
9,5233.758594528346,0.06441520902444609,0.1135762222341448,False,2.612129027731358,0.005808048399441781,False,False,False
10,4715.764020564476,0.07061670799157582,0.0,False,2.5593077744126997,0.005314507490196957,False,False,False
