provider,model_name,row_id,predicted_certified,probability,userid_DI,actual_certified
Ollama,llama3.2:3b,0,0,0.05,MHxPC130153646,1
Ollama,llama3.2:3b,1,0,0.05,MHxPC130347551,0
Ollama,llama3.2:3b,2,0,0.05,MHxPC130169212,0
Ollama,llama3.2:3b,3,1,0.9999999999999999,MHxPC130413238,1
Ollama,llama3.2:3b,4,1,0.9999999999999999,MHxPC130114802,1
Ollama,llama3.2:3b,5,1,0.9999999999999999,MHxPC130021223,1
Ollama,llama3.2:3b,6,0,1e-17,MHxPC130548242,0
Ollama,llama3.2:3b,7,1,0.9999999999999999,MHxPC130556843,1
Ollama,llama3.2:3b,8,1,0.9999999999999999,MHxPC130222823,0
Ollama,llama3.2:3b,9,0,0.05,MHxPC130385005,0
Ollama,llama3.2:3b,10,0,0.05,MHxPC130266008,0
Ollama,llama3.2:3b,11,0,0.05,MHxPC130524942,1
Ollama,llama3.2:3b,12,0,0.05,MHxPC130001534,1
Ollama,llama3.2:3b,13,1,0.9999999999999999,MHxPC130358978,0
Ollama,llama3.2:3b,14,1,0.9999999999999999,MHxPC130210216,1
Ollama,llama3.2:3b,15,1,0.999,MHxPC130506377,0
Ollama,llama3.2:3b,16,1,0.9999999999999999,MHxPC130226535,1
Ollama,llama3.2:3b,17,1,0.999,MHxPC130371980,0
Ollama,llama3.2:3b,18,0,0.001,MHxPC130014411,0
Ollama,llama3.2:3b,19,1,0.9999999999999999,MHxPC130071941,1
