track,family,model_id,k,role,runtime_sec,resample_ari,resample_nmi,silhouette,davies_bouldin,calinski_harabasz,smallest_cluster_pct,realized_clusters,noise_pct,eps,k_selection_eligible,mean_internal_rank,selected
Traditional Unsupervised,K-Means,kmeans_k2,2.0,Candidate,0.06810441700508818,1.0,1.0,0.9675248140526678,0.24814517522812427,32879.210679942196,0.9111111111111112,2,0.0,,False,,False
Traditional Unsupervised,MiniBatch K-Means,minibatch_kmeans_k2,2.0,Candidate,0.006384334003087133,0.025880943828261303,0.02281791354602818,0.8334915881227546,1.5042569829676022,1330.6814897987404,3.933333333333333,2,0.0,,False,,False
Traditional Unsupervised,Gaussian Mixture,gaussian_mixture_k2,2.0,Candidate,0.006863708986202255,1.0,1.0,0.9641831291908273,0.34403857565813517,24895.873198255696,1.0222222222222224,2,0.0,,False,,False
Traditional Unsupervised,BIRCH,birch_k2,2.0,Candidate,0.10528591700131074,1.0,1.0,0.9706414916076883,0.03451083748305052,27238.73792979389,0.6666666666666667,2,0.0,,False,,False
Traditional Unsupervised,K-Medoids (approx.),kmedoids_(approx.)_k2,2.0,Candidate,0.03243266700883396,1.0,1.0,0.9678540031728893,0.22027730628562706,31506.531698571238,0.8666666666666666,2,0.0,,False,,False
Traditional Unsupervised,HAC (Ward),hac_ward_k2,2.0,Geometry benchmark,0.17509100001188926,,,0.9706414916076883,0.03451083748305052,27238.73792979389,0.6666666666666667,2,0.0,,False,,False
Traditional Unsupervised,K-Means,kmeans_k3,3.0,Candidate,0.01851387499482371,1.0,1.0,0.9434883060387781,0.19399378957710786,39073.26283717615,0.33333333333333337,3,0.0,,True,1.0,True
Traditional Unsupervised,MiniBatch K-Means,minibatch_kmeans_k3,3.0,Candidate,0.005017041985411197,0.6459326934361381,0.5412998398901823,0.35039503506608455,0.8086363542847669,14503.488721880738,1.0222222222222224,3,0.0,,True,5.0,False
Traditional Unsupervised,Gaussian Mixture,gaussian_mixture_k3,3.0,Candidate,0.009707416989840567,1.0,1.0,0.9410614922085373,0.23921978341890693,38073.46975269354,0.35555555555555557,3,0.0,,True,2.5,False
Traditional Unsupervised,BIRCH,birch_k3,3.0,Candidate,0.08406799999647774,1.0,1.0,0.9410614922085373,0.23921978341890693,38073.46975269354,0.35555555555555557,3,0.0,,True,2.5,False
Traditional Unsupervised,K-Medoids (approx.),kmedoids_(approx.)_k3,3.0,Candidate,0.04376658299588598,1.0,1.0,0.9434883060387781,0.19399378957710786,39073.26283717615,0.33333333333333337,3,0.0,,True,1.0,False
Traditional Unsupervised,HAC (Ward),hac_ward_k3,3.0,Geometry benchmark,0.1768509169924073,,,0.9410614922085373,0.23921978341890693,38073.46975269354,0.35555555555555557,3,0.0,,True,,False
Traditional Unsupervised,K-Means,kmeans_k4,4.0,Candidate,0.025181374978274107,0.9964614350191535,0.9907518890829162,0.3684168215045752,0.6252780102495422,42281.49767578315,0.33333333333333337,4,0.0,,False,,False
Traditional Unsupervised,MiniBatch K-Means,minibatch_kmeans_k4,4.0,Candidate,0.01447416699375026,0.6433002489313314,0.6643506863922375,0.3470707068720704,0.8881529730342621,14915.680300410504,0.9111111111111112,4,0.0,,False,,False
Traditional Unsupervised,Gaussian Mixture,gaussian_mixture_k4,4.0,Candidate,0.0338250839849934,-0.051076650648897264,0.21663823480112526,0.3019876499576051,0.6286529952084269,34823.3346654558,0.35555555555555557,4,0.0,,False,,False
Traditional Unsupervised,BIRCH,birch_k4,4.0,Candidate,0.08883699998841621,1.0,1.0,0.9108004870163195,0.26008765597259287,27907.42341849124,0.1111111111111111,4,0.0,,False,,False
Traditional Unsupervised,K-Medoids (approx.),kmedoids_(approx.)_k4,4.0,Candidate,0.09288791700964794,0.892697374522872,0.8410577856249563,0.3643681748219372,0.6340260848787976,42213.82618303822,0.33333333333333337,4,0.0,,False,,False
Traditional Unsupervised,HAC (Ward),hac_ward_k4,4.0,Geometry benchmark,0.16199816702282988,,,0.32290131178214243,0.7088213223723169,39293.93945284888,0.35555555555555557,4,0.0,,False,,False
Traditional Unsupervised,K-Means,kmeans_k5,5.0,Candidate,0.03144312501535751,0.9868200072320652,0.9747731281262024,0.35206458948471603,0.7271384889213905,42511.84254282451,0.33333333333333337,5,0.0,,False,,False
Traditional Unsupervised,MiniBatch K-Means,minibatch_kmeans_k5,5.0,Candidate,0.00840279198018834,0.8919440448762984,0.8544012969561477,0.3675474626537958,0.8579151986058718,11822.566776584006,0.9111111111111112,5,0.0,,False,,False
Traditional Unsupervised,Gaussian Mixture,gaussian_mixture_k5,5.0,Candidate,0.025387417001184076,0.27326430980453276,0.4527870894565115,0.33500927613245673,0.78025705759694,38861.35496980603,0.35555555555555557,5,0.0,,False,,False
Traditional Unsupervised,BIRCH,birch_k5,5.0,Candidate,0.0838362920039799,1.0,1.0,0.9108004870163195,0.26008765597259287,27907.42341849125,0.1111111111111111,4,0.0,,False,,False
Traditional Unsupervised,K-Medoids (approx.),kmedoids_(approx.)_k5,5.0,Candidate,0.10807179097901098,0.970076490891904,0.951559462368234,0.3514591895197895,0.7104409253331955,41634.91683813712,0.3111111111111111,5,0.0,,False,,False
Traditional Unsupervised,HAC (Ward),hac_ward_k5,5.0,Geometry benchmark,0.16106808400945738,,,0.2567284247120252,0.8209766929490376,35521.673074235485,0.35555555555555557,5,0.0,,False,,False
Traditional Unsupervised,K-Means,kmeans_k6,6.0,Candidate,0.0447268330026418,0.9744884391156655,0.9582293778898755,0.3525358930919933,0.6730591991652614,39304.47282473235,0.1111111111111111,6,0.0,,False,,False
Traditional Unsupervised,MiniBatch K-Means,minibatch_kmeans_k6,6.0,Candidate,0.007998542016139254,0.6083736199248606,0.6625396456428096,0.3216632006156869,0.9656225354724425,9662.176674941757,0.9111111111111112,6,0.0,,False,,False
Traditional Unsupervised,Gaussian Mixture,gaussian_mixture_k6,6.0,Candidate,0.02837816599640064,0.6086228057895728,0.7532659560729051,0.23588011433768466,0.997735895783931,31072.73205365553,0.35555555555555557,6,0.0,,False,,False
Traditional Unsupervised,BIRCH,birch_k6,6.0,Candidate,0.08415483302087523,1.0,1.0,0.8800987084041448,0.2921497833744479,21152.60248335393,0.044444444444444446,5,0.0,,False,,False
Traditional Unsupervised,K-Medoids (approx.),kmedoids_(approx.)_k6,6.0,Candidate,0.1154416250064969,0.8981989673542065,0.8548451931608854,0.35272701184197375,0.6713107519284703,39251.42043740155,0.1111111111111111,6,0.0,,False,,False
Traditional Unsupervised,HAC (Ward),hac_ward_k6,6.0,Geometry benchmark,0.15896737499861047,,,0.2855006197133512,0.8216636116157506,34251.146144997416,0.35555555555555557,6,0.0,,False,,False
Traditional Unsupervised,K-Means,kmeans_k7,7.0,Candidate,0.04822966599022038,0.9944259418922111,0.9906781541304662,0.37963491035665076,0.6397339628828639,41484.06298032872,0.1111111111111111,7,0.0,,False,,False
Traditional Unsupervised,MiniBatch K-Means,minibatch_kmeans_k7,7.0,Candidate,0.009674291999544948,0.58170843627761,0.6491290938674116,0.32246389166762696,0.9704662525252205,8184.83785737532,0.9111111111111112,7,0.0,,False,,False
Traditional Unsupervised,Gaussian Mixture,gaussian_mixture_k7,7.0,Candidate,0.03435775000252761,0.9987114699327391,0.9975717513620143,0.2333594907843993,1.0316479425490885,28310.777891893405,0.17777777777777778,7,0.0,,False,,False
Traditional Unsupervised,BIRCH,birch_k7,7.0,Candidate,0.08496950002154335,1.0,1.0,0.3437368620293051,0.6338852067553487,24914.9179224004,0.044444444444444446,6,0.0,,False,,False
Traditional Unsupervised,K-Medoids (approx.),kmedoids_(approx.)_k7,7.0,Candidate,0.14794737499323674,0.95735408947308,0.9459370039896658,0.37852655822108666,0.6311844503548585,41111.707132693205,0.1111111111111111,7,0.0,,False,,False
Traditional Unsupervised,HAC (Ward),hac_ward_k7,7.0,Geometry benchmark,0.1571907920006197,,,0.2859250536272138,0.7499211954387576,35302.5019116613,0.1111111111111111,7,0.0,,False,,False
Traditional Unsupervised,K-Means,kmeans_k8,8.0,Candidate,0.05106116601382382,0.9729556593860305,0.9645592096674692,0.34292118819284867,0.8078738866947848,40519.723670420986,0.1111111111111111,8,0.0,,False,,False
Traditional Unsupervised,MiniBatch K-Means,minibatch_kmeans_k8,8.0,Candidate,0.010649542004102841,0.5542196748166931,0.6367500501688087,0.3351878370814834,0.9594882308306559,35327.77439009497,0.33333333333333337,8,0.0,,False,,False
Traditional Unsupervised,Gaussian Mixture,gaussian_mixture_k8,8.0,Candidate,0.03676312501193024,0.9933795494190043,0.9905258955063204,0.2324718651553981,1.1200756301202701,27886.04053432218,0.17777777777777778,8,0.0,,False,,False
Traditional Unsupervised,BIRCH,birch_k8,8.0,Candidate,0.082190624991199,1.0,1.0,0.3435447211670719,0.4754588415013155,20817.21771166316,0.022222222222222223,7,0.0,,False,,False
Traditional Unsupervised,K-Medoids (approx.),kmedoids_(approx.)_k8,8.0,Candidate,0.20314058399526402,0.8900835356602103,0.873250455683409,0.3489180191659454,0.8343502325356815,39296.88737811418,0.1111111111111111,8,0.0,,False,,False
Traditional Unsupervised,HAC (Ward),hac_ward_k8,8.0,Geometry benchmark,0.15495929200551473,,,0.2555401000845569,0.8832490246855602,35426.81656974533,0.1111111111111111,8,0.0,,False,,False
Traditional Unsupervised,K-Means,kmeans_k9,9.0,Candidate,0.06441520902444609,0.7163916909078029,0.7558777190179761,0.3625559206796266,0.8198442736216365,38628.528784735325,0.1111111111111111,9,0.0,,False,,False
Traditional Unsupervised,MiniBatch K-Means,minibatch_kmeans_k9,9.0,Candidate,0.012104875000659376,0.5069380591750805,0.6422247245221101,0.3250900550666571,0.9472507765711359,33509.43258046939,0.33333333333333337,9,0.0,,False,,False
Traditional Unsupervised,Gaussian Mixture,gaussian_mixture_k9,9.0,Candidate,0.04304112499812618,0.9570748568314627,0.9432704875622011,0.2327496665416776,1.0628183491495642,25973.314631065612,0.17777777777777778,9,0.0,,False,,False
Traditional Unsupervised,BIRCH,birch_k9,9.0,Candidate,0.08533724999870174,1.0,1.0,0.3298621655913522,0.4592121843302183,22858.263228938715,0.022222222222222223,8,0.0,,False,,False
Traditional Unsupervised,K-Medoids (approx.),kmedoids_(approx.)_k9,9.0,Candidate,0.1958838750142604,0.9474066936806479,0.9153923930366805,0.35480329628544005,0.8103424687012968,37676.57313133644,0.1111111111111111,9,0.0,,False,,False
Traditional Unsupervised,HAC (Ward),hac_ward_k9,9.0,Geometry benchmark,0.17181341600371525,,,0.24353119298460904,0.9911427488739959,34175.074642806474,0.1111111111111111,9,0.0,,False,,False
Traditional Unsupervised,K-Means,kmeans_k10,10.0,Candidate,0.07061670799157582,0.9548556494605454,0.9299815176370946,0.36587814787491785,0.8424403773854572,38798.75199419675,0.1111111111111111,10,0.0,,False,,False
Traditional Unsupervised,MiniBatch K-Means,minibatch_kmeans_k10,10.0,Candidate,0.015376583993202075,0.5648808004209788,0.6775627400630877,0.3122706522946651,0.9741344922141941,30470.867675056088,0.33333333333333337,10,0.0,,False,,False
Traditional Unsupervised,Gaussian Mixture,gaussian_mixture_k10,10.0,Candidate,0.04693474998930469,0.6639991469674538,0.7585096315141316,0.2115913198757547,1.285045042030938,24633.94124573188,0.17777777777777778,10,0.0,,False,,False
Traditional Unsupervised,BIRCH,birch_k10,10.0,Candidate,0.0879012499935925,1.0,1.0,0.32744358447235056,0.5437025800565054,20125.557954783955,0.022222222222222223,9,0.0,,False,,False
Traditional Unsupervised,K-Medoids (approx.),kmedoids_(approx.)_k10,10.0,Candidate,0.2338854160043411,0.8219148840610576,0.8064013457307824,0.36197688448241305,0.8492586797167221,38480.93832802477,0.1111111111111111,10,0.0,,False,,False
Traditional Unsupervised,HAC (Ward),hac_ward_k10,10.0,Geometry benchmark,0.15540300001157448,,,0.25819460831316976,0.9447521363598991,33527.77918332965,0.1111111111111111,10,0.0,,False,,False
Traditional Unsupervised,DBSCAN,dbscan_q85,,Density benchmark,0.035256958013633266,,,0.0019551591751588993,0.7553789016955712,106.33946153051566,0.24444444444444444,11,7.28888888888889,0.32161223216167406,False,,False
Traditional Unsupervised,DBSCAN,dbscan_q90,,Density benchmark,0.018057000008411705,,,0.01352891647346402,0.8802636390582327,92.12155787821295,0.2222222222222222,9,4.533333333333333,0.3734750197305374,False,,False
Traditional Unsupervised,DBSCAN,dbscan_q95,,Density benchmark,0.018657167005585507,,,,,,0.0,1,2.488888888888889,0.4719171049154569,False,,False
