-- phpMyAdmin SQL Dump
-- version 5.2.1
-- https://www.phpmyadmin.net/
--
-- Host: 127.0.0.1
-- Generation Time: Apr 02, 2024 at 03:58 PM
-- Server version: 10.4.32-MariaDB
-- PHP Version: 8.2.12

SET SQL_MODE = "NO_AUTO_VALUE_ON_ZERO";
START TRANSACTION;
SET time_zone = "+00:00";


/*!40101 SET @OLD_CHARACTER_SET_CLIENT=@@CHARACTER_SET_CLIENT */;
/*!40101 SET @OLD_CHARACTER_SET_RESULTS=@@CHARACTER_SET_RESULTS */;
/*!40101 SET @OLD_COLLATION_CONNECTION=@@COLLATION_CONNECTION */;
/*!40101 SET NAMES utf8mb4 */;

--
-- Database: `yz company`
--

-- --------------------------------------------------------

--
-- Table structure for table `applicants`
--

CREATE TABLE `applicants` (
  `Applicants_ID` int(3) NOT NULL,
  `ID_Card` varchar(13) NOT NULL,
  `Prefix_TH` varchar(10) NOT NULL,
  `Name_TH` varchar(100) NOT NULL,
  `LName_TH` varchar(100) NOT NULL,
  `Prefix_ENG` varchar(10) NOT NULL,
  `Name_ENG` varchar(100) NOT NULL,
  `LName_ENG` varchar(100) NOT NULL,
  `Address` varchar(1000) NOT NULL,
  `Age` int(2) NOT NULL,
  `Email` varchar(100) NOT NULL,
  `Sib_no` int(2) DEFAULT NULL,
  `Sib_order` int(2) DEFAULT NULL,
  `Status` varchar(1) DEFAULT NULL,
  `Salary` int(10) DEFAULT NULL,
  `Start_Date` date DEFAULT NULL,
  `Weight` int(3) DEFAULT NULL,
  `High` int(3) DEFAULT NULL,
  `Reason_Work` varchar(1000) DEFAULT NULL,
  `Platform` varchar(100) DEFAULT NULL,
  `Can_Start_Date` date DEFAULT NULL,
  `Salary_Need` int(10) DEFAULT NULL,
  `Applicants_Date` date NOT NULL,
  `Typing_TH` int(4) DEFAULT NULL,
  `Typing_ENG` int(4) DEFAULT NULL,
  `Reason_Outing` varchar(1000) DEFAULT NULL
) ENGINE=InnoDB DEFAULT CHARSET=utf8mb4 COLLATE=utf8mb4_general_ci;

--
-- Dumping data for table `applicants`
--

INSERT INTO `applicants` (`Applicants_ID`, `ID_Card`, `Prefix_TH`, `Name_TH`, `LName_TH`, `Prefix_ENG`, `Name_ENG`, `LName_ENG`, `Address`, `Age`, `Email`, `Sib_no`, `Sib_order`, `Status`, `Salary`, `Start_Date`, `Weight`, `High`, `Reason_Work`, `Platform`, `Can_Start_Date`, `Salary_Need`, `Applicants_Date`, `Typing_TH`, `Typing_ENG`, `Reason_Outing`) VALUES
(1, '1234567890123', 'นาย', 'สมชาย ', 'แสนสุข', 'Mr.', 'Somchai', 'Sansuk', ' 129/4 บ้านสุขสันต์  ตำบลนาดี อำเภอเมืองสกลนคร จังหวัดสกลนคร', 20, 'Somchai@email.com', 2, 1, 'Y', 23000, '2020-02-23', 87, 170, 'ต้องการทำงานในสภาพแวดล้อมที่สร้างสรรค์และแรงบันดาลใจ', 'เว็บไซต์ของบริษัท', '2020-02-01', 25000, '2020-02-16', 162, 45, 'การเดินทางไปมีความยากลำบาก'),
(2, '2345678901234', 'นาย', 'สุชาติ', 'วรรณรัตน์', 'Mr.', 'Sutthi', 'Wannarat', ' 123 / 7 บ้านบึง ตำบลบ้านบึง อำเภอกุสุมาลย์ จังหวัดสกลนคร ', 23, 'Sutthi@email.com', 1, 1, 'Y', 23000, '2020-04-30', 60, 175, 'มีโอกาสในการสร้างศักยภาพในการทำงานที่มีผลต่อสังคมหรือสิ่งแวดล้อม', 'Facebook', '2020-04-08', 25000, '2020-04-23', 228, 57, ''),
(3, '3456789012345', 'นาย', 'วิริยะ', 'ชินวัตร', 'Mr.', 'Wiriya', 'Chinawat', ' 456/ 6 บ้านแพง ตำบลบ้านแพง อำเภอคำตากล้า จังหวัดสกลนคร ', 24, 'Wiriya@email.com', 1, 1, 'N', 0, '2020-04-30', 68, 165, 'มีโอกาสเรียนรู้และพัฒนาทักษะใหม่ๆ', 'บอร์ดประกาศ', '2020-04-08', 25000, '2020-04-23', 297, 63, ''),
(4, '4567890123456', 'นาย', 'รักษ์', 'บุญรอด', 'Mr.', 'Rak', 'Boonrod', ' 789/1 บ้านเดอะวินเนอร์  ตำบลหนองบัว อำเภอกุสุมาลย์ จังหวัดสกลนคร ', 26, 'Rak@email.com', 3, 2, 'Y', 23000, '2020-04-30', 92, 185, 'มีโอกาสในการสร้างผลงานที่มีคุณค่าต่อองค์กรและสังคม', 'บริษัทจัดหางาน', '2020-04-08', 25000, '2020-04-23', 112, 51, ''),
(5, '5678901234567', 'นาย', 'นิรันดร์', 'วงศ์เมือง', 'Mr.', 'Niran', 'Wongmuang', ' 111/2 บ้านเดอะพาลาซ ตำบลบ้านนาเลิง อำเภอวาริชภูมิ จังหวัดสกลนคร', 27, 'Niran@email.com', 4, 3, 'N', 0, '2020-11-29', 76, 156, 'มีโอกาสในการสร้างและเสริมสร้างบุคลิกภาพที่ดีในตลาดแรงงาน', 'บริษัทจัดหางาน', '2020-11-07', 25000, '2020-11-22', 210, 72, 'ค่าใช้จ่ายสูง '),
(6, '6789012345678', 'นาย', 'สุภาพ', 'ประดิษฐ์ ', 'Mr.', 'Supap', 'Pradit', ' 32/3  บ้านหนองข่า ตำบลโพนแพง อำเภอเมืองสกลนคร จังหวัดสกลนคร ', 29, 'Supap@email.com', 2, 2, 'N', 0, '2020-11-29', 56, 170, 'ได้รับการพัฒนาทักษะการคิดอย่างเป็นระบบและการแก้ปัญหา', 'Facebook', '2020-11-07', 25000, '2020-11-22', 244, 59, ''),
(7, '7890123456789', 'นาย', 'ณัฐพล', 'จันทร์ใหญ่', 'Mr.', 'Nattapol', 'Jantai', '56/3  บ้านโพนนาแก้ว ตำบลนาอุดม อำเภอคำตากล้า จังหวัดสกลนคร ', 22, 'Nattapol@email.com', 1, 1, 'N', 0, '2020-12-13', 63, 178, 'ต้องการทำงานในสภาพแวดล้อมที่สร้างสรรค์และแรงบันดาลใจ', 'เว็บไซต์ของบริษัท', '2020-11-21', 25000, '2020-12-06', 275, 67, ''),
(8, '8901234567890', 'นาย', 'ชินวัตร ', 'รุ่งอรุณ', 'Mr.', 'Chinawat', 'Rungarun', ' 48/5  บ้านโคกตูม ตำบลบ้านขาม อำเภอวาริชภูมิ จังหวัดสกลนคร ', 32, 'Chinawat@email.com', 1, 1, 'Y', 23000, '2020-12-17', 81, 188, 'มีโอกาสในการเรียนรู้และพัฒนาตัวเองในสถานการณ์ที่ท้าทาย', 'Facebook', '2020-11-25', 25000, '2020-12-10', 138, 49, 'มีปัญหาเรื่องสุขภาพ'),
(9, '9012345678901', 'นาย', 'ประกิต', 'ศรีสุวรรณ', 'Mr.', 'Prakrit', 'Srisuwan', ' 57/8  บ้านโนนสว่าง ตำบลนาข่า อำเภอเมืองสกลนคร จังหวัดสกลนคร ', 34, 'Prakrit@email.com', 2, 2, 'Y', 23000, '2020-12-21', 71, 175, 'มีโอกาสเรียนรู้และพัฒนาทักษะใหม่ๆ', 'บอร์ดประกาศ', '2020-11-29', 25000, '2020-12-14', 199, 54, ''),
(10, '123456789012', 'นาย', 'ปราชญ์', 'ช่างทอง', 'Mr.', 'Prach', 'Changthong', ' 63/9  บ้านดอนแสลง ตำบลโนนแหลมทอง อำเภอเขื่องใน จังหวัดสกลนคร ', 33, 'Prach@email.com', 2, 2, 'Y', 23000, '2020-12-22', 80, 176, 'มีโอกาสในการสร้างศักยภาพในการทำงานที่มีผลต่อสังคมหรือสิ่งแวดล้อม', 'บริษัทจัดหางาน', '2020-11-30', 25000, '2020-12-15', 284, 62, 'ค่าใช้จ่ายสูง '),
(11, '9876543210987', 'นาย', 'อรรถพล', 'สุขสันต์ ', 'Mr.', 'Orathaporn', 'Suksan', ' 1/6  บ้านหนองแวง ตำบลนาหว้า อำเภอสว่างแดนดิน จังหวัดสกลนคร ', 31, 'Orathaporn@email.com', 3, 2, 'Y', 23000, '2020-12-31', 55, 168, 'มีโอกาสในการสร้างและเสริมสร้างบุคลิกภาพที่ดีในตลาดแรงงาน', 'บอร์ดประกาศ', '2020-12-09', 20000, '2020-12-24', 173, 48, ''),
(12, '8765432109876', 'นาย', 'ปริญญา ', 'วงศ์วิสุทธิ์', 'Mr.', 'Pirinya', 'Wongwisut', ' 70/8  บ้านสามแยก ตำบลหนองกุงศรี อำเภอส่องดาว จังหวัดสกลนคร ', 20, 'Pirinya@email.com', 4, 2, 'Y', 23000, '2020-12-31', 63, 177, 'ได้รับการพัฒนาทักษะการคิดอย่างเป็นระบบและการแก้ปัญหา', 'บริษัทจัดหางาน', '2020-12-09', 20000, '2020-12-24', 263, 55, ''),
(13, '7654321098765', 'นาย', 'สุวรรณ ', 'เจริญชัย', 'Mr.', 'Suwan', 'Jaroenchai', ' 38/12  บ้านกุดน้อย ตำบลหนองบัวศึกษา อำเภอเต่างอยจังหวัดสกลนคร ', 20, 'Suwan@email.com', 2, 2, 'N', 0, '2021-01-17', 81, 184, 'มีโอกาสในการเรียนรู้และพัฒนาตัวเองในสถานการณ์ที่ท้าทาย', 'Facebook', '2020-12-26', 20000, '2021-01-10', 196, 58, ''),
(14, '6543210987654', 'นาย', 'สุก', 'สุวรรณภูมิ', 'Mr.', 'Suk', 'Suwannapoom', ' 61/4  บ้านหลักเหลือง ตำบลนาคำ อำเภอเมืองสกลนคร จังหวัดสกลนคร ', 22, 'Suk@email.com', 3, 3, 'N', 0, '2021-01-17', 71, 179, 'ต้องการทำงานในสภาพแวดล้อมที่สร้างสรรค์และแรงบันดาลใจ', 'เว็บไซต์ของบริษัท', '2020-12-26', 20000, '2021-01-10', 279, 61, ''),
(15, '5432109876543', 'นาย', 'วิชัย ', 'บุญสวัสดิ์', 'Mr.', 'Wichai', 'Bunsawat', ' 43/7  บ้านดอนห้วยตาม ตำบลนาแซง อำเภอเมืองพังโคน จังหวัดสกลนคร ', 23, 'Wichai@email.com', 3, 1, 'N', 0, '2021-01-17', 90, 180, 'มีโอกาสในการสร้างศักยภาพในการทำงานที่มีผลต่อสังคมหรือสิ่งแวดล้อม', 'Facebook', '2020-12-26', 20000, '2021-01-10', 245, 69, 'การเดินทางไปมีความยากลำบาก'),
(16, '4321098765432', 'นาย', 'สุรเชษฐ์', 'สุวรรณ', 'Mr.', 'Surchet', 'Suwanna', ' 13/9 บ้านนาหินลาด  ตำบลนาสีนวนิตย์  อำเภอเมือง  จังหวัดบึงกาฬ', 24, 'Surchet@email.com', 2, 1, 'N', 0, '2021-03-01', 59, 174, 'มีโอกาสในการสร้างและเสริมสร้างบุคลิกภาพที่ดีในตลาดแรงงาน', 'บริษัทจัดหางาน', '2021-02-07', 20000, '2021-02-22', 201, 50, ''),
(17, '3210987654321', 'นาย', 'ณรงค์', 'สมบูรณ์เจริญ', 'Mr.', 'Narong', 'Sombuncharoen', ' 2/3 บ้านหนองแวง  ตำบลนาเลิง  อำเภอบึงโขงหลง  จังหวัดบึงกาฬ', 25, 'Narong@email.com', 2, 1, 'Y', 23000, '2021-03-14', 59, 176, 'มีโอกาสเรียนรู้และพัฒนาทักษะใหม่ๆ', 'บริษัทจัดหางาน', '2021-02-20', 20000, '2021-03-07', 131, 65, ''),
(18, '2109876543210', 'นาย', 'รักษมา', 'วงศ์ประดิษฐ์', 'Mr.', 'Raksa', 'Wongpradit', ' 9/10 บ้านหนองสวรรค์  ตำบลนาสวรรค์ อำเภอเมือง  จังหวัดบึงกาฬ', 26, 'Raksa@email.com', 2, 2, 'N', 0, '2021-03-14', 77, 185, 'มีโอกาสในการสร้างผลงานที่มีคุณค่าต่อองค์กรและสังคม', 'บอร์ดประกาศ', '2021-02-20', 20000, '2021-03-07', 291, 53, 'ค่าใช้จ่ายสูง '),
(19, '1098765432109', 'นาย', 'พงศกร ', 'ช่างเหมือง', 'Mr.', 'Pongskorn', 'Changmuang', ' 36/2 บ้านนากอก  ตำบลนาสวรรค์  อำเภอบึงโขงหลง  จังหวัดบึงกาฬ', 24, 'Pongskorn@email.com', 1, 1, 'Y', 23000, '2021-03-14', 85, 181, 'มีโอกาสในการสร้างผลงานที่มีคุณค่าต่อองค์กรและสังคม', 'เว็บไซต์ของบริษัท', '2021-02-20', 20000, '2021-03-07', 118, 46, ''),
(20, '987654321098', 'นาย', 'อภิสิทธิ์', 'บุญชื่น', 'Mr.', 'Apissit ', 'Booncheun', ' 2/7 บ้านนาภู  ตำบลนาดง  อำเภอศรีนคร  จังหวัดบึงกาฬ', 24, 'Apissit @email.com', 1, 1, 'Y', 23000, '2021-04-02', 58, 173, 'มีโอกาสในการสร้างผลงานที่มีความสำคัญและมีคุณค่า', 'Facebook', '2021-03-11', 30000, '2021-03-26', 256, 71, 'มีปัญหาเรื่องสุขภาพ'),
(21, '9870123456789', 'นาย', 'ชูชัย', 'สุวรรณสุข', 'Mr.', 'Chuchai', 'Suwannasuk', ' 3/6 บ้านนาสะเม็ง  ตำบลนาอุดม  อำเภอบุ่งคล้า  จังหวัดบึงกาฬ', 25, 'Chuchai@email.com', 1, 1, 'N', 0, '2021-04-02', 95, 188, 'ได้รับการพัฒนาทักษะการคิดอย่างเป็นระบบและการแก้ปัญหา', 'บริษัทจัดหางาน', '2021-03-11', 30000, '2021-03-26', 296, 56, ''),
(22, '8761234567890', 'นาย', 'อัครพล', 'พูลสวัสดิ์', 'Mr.', 'Akrapol', 'Poolsawat', ' 8/1 บ้านท่าโรง  ตำบลนาตาล  อำเภอบุ่งทอง  จังหวัดบึงกาฬ', 25, 'Akrapol@email.com', 1, 1, 'N', 0, '2021-04-02', 65, 178, 'มีโอกาสในการเรียนรู้และพัฒนาตัวเองในสถานการณ์ที่ท้าทาย', 'Twitter ', '2021-03-11', 30000, '2021-03-26', 289, 60, ''),
(23, '7652345678901', 'นางสาว', 'สุริยา', 'วงศ์เมือง', 'Ms.', 'Suriya', 'Wongmuang', ' 9/13 บ้านหนองจิก ตำบลนาเลื่อม อำเภอเมือง  จังหวัดบึงกาฬ', 26, 'Suriya@email.com', 1, 1, 'Y', 23000, '2021-04-02', 58, 168, 'มีความสนใจในโอกาสในการเติบโตและพัฒนาในองค์กร', 'บอร์ดประกาศ', '2021-03-11', 30000, '2021-03-26', 203, 68, ''),
(24, '6543456789012', 'นาย', 'สมประสงค์', 'จันทร์สวัสดิ์', 'Mr.', 'Somprasong', 'Jantsawat', ' 31/9 บ้านหนองโพธิ์  ตำบลนาสีนวนิตย์  อำเภอเมือง  จังหวัดบึงกาฬ', 27, 'Somprasong@email.com', 3, 2, 'N', 0, '2021-07-06', 53, 178, 'มีโอกาสในการสร้างผลงานที่มีคุณค่าต่อองค์กรและสังคม', 'Facebook', '2021-06-15', 30000, '2021-06-30', 281, 64, 'ค่าใช้จ่ายสูง '),
(25, '5434567890123', 'นาย', 'นพพล', 'วงศ์', 'Mr.', 'Noppol', 'Wong', ' 2/1 บ้านหนองสวรรค์  ตำบลนาแต้ อำเภอศรีนคร    จังหวัดบึงกาฬ', 28, 'Noppol@email.com', 3, 2, 'Y', 23000, '2021-07-06', 88, 186, 'ต้องการทำงานในสภาพแวดล้อมที่สร้างสรรค์และแรงบันดาลใจ', 'เว็บไซต์ของบริษัท', '2021-06-15', 30000, '2021-06-30', 140, 52, ''),
(26, '4325678901234', 'นาย', 'วิชาญ', 'วงศ์วิสุทธิ์', 'Mr.', 'Wichan', 'Wongwisut', ' 5/4 บ้านโนนค้อ  ตำบลนาสีนวนิตย์  อำเภอโซ่พิสัย  จังหวัดบึงกาฬ', 28, 'Wichan@email.com', 3, 2, 'N', 0, '2021-07-06', 60, 178, 'มีโอกาสในการสร้างและเสริมสร้างบุคลิกภาพที่ดีในตลาดแรงงาน', 'Twitter ', '2021-06-15', 30000, '2021-06-30', 171, 66, ''),
(27, '3216789012345', 'นางสาว', 'พิรัช', 'ธรรมรัตน์', 'Mr.', 'Pirach', 'Thammrat', ' 7/6 บ้านห้วยปลาหมอ  ตำบลนาซอ  อำเภอเมือง  จังหวัดบึงกาฬ', 29, 'Pirach@email.com', 2, 1, 'N', 0, '2021-07-06', 72, 170, 'มีโอกาสในการสร้างผลงานที่มีคุณค่าต่อองค์กรและสังคม', 'บริษัทจัดหางาน', '2021-06-15', 30000, '2021-06-30', 226, 47, ''),
(28, '2107890123456', 'นาย', 'สุชัย', 'จันทร์ทอง', 'Ms.', 'Suchai', 'Jantong', ' 8/10 บ้านโนนแสง  ตำบลนาสีนวนิตย์  อำเภอบุ่งคล้า จังหวัดบึงกาฬ', 30, 'Suchai@email.com', 2, 1, 'Y', 23000, '2022-07-08', 97, 185, 'มีโอกาสเรียนรู้และพัฒนาทักษะใหม่ๆ', 'Facebook', '2022-06-16', 30000, '2022-07-01', 270, 70, 'การเดินทางไปมีความยากลำบาก'),
(29, '1098901234567', 'นางสาว', 'วรเชษฐ์', 'สันต์', 'Ms.', 'Worachet', 'San', ' 9/6 บ้านหนองสวรรค์  ตำบลนาสวรรค์  อำเภอเมือง  จังหวัดบึงกาฬ', 30, 'Worachet@email.com', 2, 2, 'Y', 23000, '2022-04-08', 62, 170, 'ได้รับการพัฒนาทักษะการคิดอย่างเป็นระบบและการแก้ปัญหา', 'บริษัทจัดหางาน', '2022-03-17', 30000, '2022-04-01', 109, 74, ''),
(30, '989012345678', 'นางสาว', 'อนันต์', 'ศรีสุวรรณ', 'Ms.', 'Anan ', 'Srisuwan', ' 23/4 บ้านนางาม ตำบลนาหมื่นศรี อำเภอโซ่พิสัย จังหวัดบึงกาฬ', 30, 'Anan @email.com', 4, 3, 'Y', 23000, '2022-04-09', 55, 165, 'มีโอกาสในการสร้างผลงานที่มีความสำคัญและมีคุณค่า', 'บอร์ดประกาศ', '2022-03-18', 23000, '2022-04-02', 162, 43, ''),
(31, '9878901234567', 'นาย', 'สิทธิชัย', 'สุวรรณวิจิตร', 'Mr.', 'Sittichai', 'Suwannawichit', ' 20/3บ้านหนองเทา ตำบลหนองขอนกว้าง อำเภอเมืองอุดรธานี จังหวัดอุดรธานี', 22, 'Sittichai@email.com', 2, 1, 'N', 0, '2022-04-16', 54, 165, 'ต้องการทดลองประสบการณ์ใหม่ในสาขางานที่สนใจ', 'Facebook', '2022-03-25', 23000, '2022-04-09', 281, 76, 'มีปัญหาเรื่องสุขภาพ'),
(32, '8767890123456', 'นาย', 'วีระ', 'จันทร์เพ็ญ', 'Mr.', 'Wirat', 'Janphen', ' 26/9 บ้านบุนนาค ตำบลนาหมื่นศรี อำเภอโพนโกง จังหวัดอุดรธานี', 23, 'Wirat@email.com', 3, 2, 'N', 0, '2022-06-23', 78, 175, 'มีโอกาสในการเรียนรู้และพัฒนาตัวเองในสถานการณ์ที่ท้าทาย', 'Twitter ', '2022-06-01', 23000, '2022-06-16', 273, 42, ''),
(33, '7656789012345', 'นาย', 'พรเพชร ', 'ศรีประเสริฐ', 'Mr.', 'Pornpetch', 'Sripresert', ' 46/8 บ้านนางาม ตำบลหนองขอนกว้าง อำเภอเมืองอุดรธานี จังหวัดอุดรธานี', 25, 'Pornpetch@email.com', 3, 2, 'Y', 23000, '2022-06-23', 66, 178, 'มีความสนใจในโอกาสในการเติบโตและพัฒนาในองค์กร', 'Facebook', '2022-06-01', 23000, '2022-06-16', 277, 75, ''),
(34, '6545678901234', 'นาย', 'ณรงค์', 'สุขสันต์', 'Mr.', 'Narong', 'Suksan', ' 284/7 บ้านหนองเทา ตำบลหนองตะเคียน  เมืองอุดรธานี จังหวัดอุดรธานี', 25, 'Narong@email.com', 1, 1, 'Y', 23000, '2022-06-23', 56, 169, 'ได้รับการพัฒนาทักษะการคิดอย่างเป็นระบบและการแก้ปัญหา', 'บริษัทจัดหางาน', '2022-06-01', 23000, '2022-06-16', 182, 73, ''),
(35, '5434567890123', 'นาย', 'สุรชาติ', 'วงศ์สวัสดิ์', 'Mr.', 'Surasit', 'Wongsawat', ' 38/8 บ้านนาข่า ตำบลหนองสะโน อำเภอโพนไผ่หู จังหวัดอุดรธานี', 26, 'Surasit@email.com', 1, 1, 'Y', 23000, '2022-06-23', 90, 187, 'มีโอกาสในการสร้างผลงานที่มีคุณค่าต่อองค์กรและสังคม', 'เว็บไซต์ของบริษัท', '2022-06-01', 23000, '2022-06-16', 162, 40, 'ค่าใช้จ่ายสูง '),
(36, '4323456789012', 'นาย', 'ชาญชัย ', 'บุญชื่น', 'Mr.', 'Chanchai', 'Booncheun', ' 35/2 บ้านหนองนางพญา ตำบลนาหมื่นศรี อำเภอเมืองอุดรธานี จังหวัดอุดรธานี', 26, 'Chanchai@email.com', 1, 1, 'Y', 23000, '2022-06-23', 52, 166, 'มีโอกาสเรียนรู้และพัฒนาทักษะใหม่ๆ', 'Twitter ', '2022-06-01', 23000, '2022-06-16', 265, 79, ''),
(37, '3212345678901', 'นาย', 'วีรวัฒน์', 'ศรีประเสริฐ', 'Mr.', 'Wiwat', 'Sripresert', ' 78/9 บ้านหนองลับ ตำบลหนองตะเคียน อำเภอกุดจับ จังหวัดอุดรธานี', 24, 'Wiwat@email.com', 1, 1, 'N', 0, '2023-05-07', 86, 185, 'มีโอกาสในการสร้างผลงานที่มีความสำคัญและมีคุณค่า', 'Facebook', '2023-04-15', 23000, '2023-04-30', 221, 38, ''),
(38, '2101234567890', 'นางสาว', 'ประภาพร', 'วงศ์สวัสดิ์', 'Ms.', 'Prapaphorn', 'Wongsawat', ' 64/8 บ้านนางาม ตำบลหนองทุ่ม อำเภอโพนไผ่หู จังหวัดอุดรธานี', 24, 'Prapaphorn@email.com', 3, 2, 'N', 0, '2023-05-07', 67, 169, 'ได้รับการพัฒนาทักษะการคิดอย่างเป็นระบบและการแก้ปัญหา', 'Twitter ', '2023-04-15', 23000, '2023-04-30', 289, 80, 'การเดินทางไปมีความยากลำบาก'),
(39, '1090123456789', 'นาย', 'สมบัติ', 'จันทร์อรุณ', 'Mr.', 'Sombat', 'Janarun', ' 98/6 บ้านหนองแสง ตำบลหนองขาหย่าง อำเภอโนนสะอาด จังหวัดอุดรธานี', 23, 'Sombat@email.com', 2, 2, 'N', 0, '2023-05-07', 91, 185, 'ต้องการทำงานในสภาพแวดล้อมที่สร้างสรรค์และแรงบันดาลใจ', 'Facebook', '2023-04-15', 35000, '2023-04-30', 131, 37, ''),
(40, '989012345678', 'นาย', 'อัครวัฒน์', 'ภูมิ', 'Mr.', 'Akravat', 'Poom', ' 32/8 บ้านหนองอียอ ตำบลหนองนางพญา อำเภอโพนแพงพัฒนา จังหวัดอุดรธานี', 23, 'Akravat@email.com', 2, 1, 'N', 0, '2023-05-07', 58, 169, 'มีโอกาสในการเรียนรู้และพัฒนาตัวเองในสถานการณ์ที่ท้าทาย', 'บริษัทจัดหางาน', '2023-04-15', 35000, '2023-04-30', 118, 40, ''),
(41, '9878901234567', 'นาย', 'สุรเชษฐ์', 'พันธุ์ทวี', 'Mr.', 'Surchet', 'Panthawi', ' 39/8 บ้านนางาม ตำบลหนองตะเคียน อำเภอโพนทอง จังหวัดอุดรธานี', 24, 'Surchet@email.com', 2, 1, 'Y', 23000, '2023-06-28', 74, 178, 'มีความสนใจในโอกาสในการเติบโตและพัฒนาในองค์กร', 'บริษัทจัดหางาน', '2023-06-06', 35000, '2023-06-21', 109, 39, ''),
(42, '8767890123456', 'นาย', 'ชาคริต', 'บุญเพ็ญ', 'Mr.', 'Chakrit', 'Boonpen', ' 26/7 บ้านบุนนาค ตำบลนาหมื่นศรี อำเภอโพธิ์ทองจังหวัดอุดรธานี', 23, 'Chakrit@email.com', 1, 1, 'N', 0, '2023-06-29', 76, 180, 'มีโอกาสในการเรียนรู้และพัฒนาตัวเองในสถานการณ์ที่ท้าทาย', 'Facebook', '2023-06-07', 35000, '2023-06-22', 294, 78, ''),
(43, '7656789012345', 'นาย', 'อภิสิทธิ์', 'ศรีประสิทธิ์', 'Mr.', 'Apissit', 'Sripasit', ' 23/6 บ้านนาดูน ตำบลหนองขาหย่าง อำเภอกุดจับ จังหวัดอุดรธานี', 23, 'Apissit@email.com', 1, 1, 'Y', 23000, '2023-06-30', 56, 169, 'ต้องการทดลองประสบการณ์ใหม่ในสาขางานที่สนใจ', 'Twitter ', '2023-06-08', 35000, '2023-06-23', 194, 56, ''),
(44, '6545678901234', 'นาย', 'วิชัย', 'จันทร์ทอง', 'Mr.', 'Wichai', 'Jantong', ' 29/8 บ้านหนองอียอ ตำบลหนองทุ่ม อำเภอโพธิ์ไทร จังหวัดอุดรธานี', 24, 'Wichai@email.com', 2, 1, 'N', 0, '2024-04-08', 83, 187, 'มีโอกาสในการสร้างผลงานที่มีคุณค่าต่อองค์กรและสังคม', 'Twitter ', '2024-03-17', 35000, '2024-04-01', 201, 82, 'มีปัญหาเรื่องสุขภาพ'),
(45, '5434567890123', 'นาย', 'สมบูรณ์', 'วงศ์สวัสดิ์', 'Mr.', 'Sombun', 'Wongsawat', ' 97/7 บ้านหนองนางพญา ตำบลหนองโพธิ์ อำเภอโพธิ์ทอง จังหวัดอุดรธานี', 22, 'Sombun@email.com', 1, 1, 'Y', 23000, '2024-04-08', 79, 181, 'มีโอกาสเรียนรู้และพัฒนาทักษะใหม่ๆ', 'บอร์ดประกาศ', '2024-03-17', 35000, '2024-04-01', 115, 75, ''),
(46, '4323456789012', 'นาย', 'นภดล ', 'ธนะเสถียร', 'Mr.', 'Nopadol', 'Thanasetthi', ' 27/4 บ้านนาคำ ตำบลหนองสะโน อำเภอเมืองอุดรธานี จังหวัดอุดรธานี', 22, 'Nopadol@email.com', 3, 3, 'N', 0, '2024-04-08', 51, 170, 'มีโอกาสในการสร้างผลงานที่มีความสำคัญและมีคุณค่า', 'บริษัทจัดหางาน', '2024-03-17', 20000, '2024-04-01', 140, 89, ''),
(47, '3212345678901', 'นาย', 'สุกฤษฎิ์', 'สุขสันต์', 'Mr.', 'Sukrit ', 'Suksan', ' 30/7 บ้านหนองปลาหมอ ตำบลหนองตะเคียน อำเภอโพธิ์ไทร จังหวัดอุดรธานี', 24, 'Sukrit @email.com', 3, 2, 'Y', 23000, '2024-04-16', 93, 187, 'มีโอกาสในการเรียนรู้และพัฒนาตัวเองในสถานการณ์ที่ท้าทาย', 'Twitter ', '2024-03-25', 20000, '2024-04-09', 226, 92, 'ค่าใช้จ่ายสูง '),
(48, '2101234567890', 'นาย', 'พงษ์เพชร', 'วงศ์ประเสริฐ', 'Mr.', 'Pongpetch', 'Wongprasert', ' 23/4 บ้านหนองแสง ตำบลหนองโพธิ์ อำเภอโพนทอง จังหวัดอุดรธานี', 24, 'Pongpetch@email.com', 3, 3, 'N', 0, '2024-04-16', 69, 173, 'ต้องการทำงานในสภาพแวดล้อมที่สร้างสรรค์และแรงบันดาลใจ', 'Facebook', '2024-03-25', 20000, '2024-04-09', 162, 65, ''),
(49, '1090123456789', 'นาย', 'ณรงค์', 'สวัสดิ์', 'Mr.', 'Narong', 'Sawat', ' 23/5 บ้านนาดูน ตำบลนาหมื่นศรี อำเภอโพนแพงพัฒนา จังหวัดอุดรธานี', 24, 'Narong@email.com', 2, 1, 'N', 0, '2024-04-16', 61, 171, 'มีโอกาสในการสร้างผลงานที่มีคุณค่าต่อองค์กรและสังคม', 'Facebook', '2024-03-25', 20000, '2024-04-09', 281, 98, 'การเดินทางไปมีความยากลำบาก'),
(50, '989012345678', 'นาย', 'พิชัย', 'บุญประเสริฐ ', 'Mr.', 'Pichai ', 'Boonprasert', ' 2/3 บ้านนาคำ ตำบลหนองนางพญา อำเภอโนนสะอาด จังหวัดอุดรธานี', 23, 'Pichai @email.com', 2, 2, 'Y', 23000, '2024-04-16', 89, 188, 'ต้องการทดลองประสบการณ์ใหม่ในสาขางานที่สนใจ', 'บอร์ดประกาศ', '2024-03-25', 20000, '2024-04-09', 171, 62, ''),
(51, '1479900546000', 'นาย', 'สมชาย', 'ใจดี', 'Mr.', 'Somchai', 'Jaidee', '65 อ.ลำทับ จ.กระบี่', 25, 'Somchai_55@gmail.com', 2, 2, 'Y', 23000, '2020-02-27', 55, 163, 'ประทับใจที่บริษัท', 'JobThai.com', '2020-02-26', 20000, '2020-01-27', 56, 80, ''),
(52, '5920080779142', 'นาย', 'เมธา', 'แก้วตา', 'Mr.', 'Meta', 'Kaewta', '22 อ.ท่าลี่ จ.เลย', 28, 'Meta_10@gmail.com', 3, 1, 'Y', 19000, '2020-02-25', 58, 170, 'ชอบผลงาน', 'Facebook', '2020-02-26', 21000, '2020-02-12', 57, 73, 'สามารถไปได้ '),
(53, '7071833819656', 'นางสาว', 'สมหญิง', 'ใจสวย', 'Ms.', 'Somying', 'Jaiswy', '33/3 อ.เมือง จ.ลำปาง', 31, 'Somying_j@gmail.com', 5, 4, 'Y', 24000, '2020-02-26', 70, 172, 'เพราะบริษัทนี้เป็นบริษัทอันดับต้น ๆ', 'Google AD', '2020-02-14', 25000, '2020-02-20', 46, 75, ''),
(54, '5247888980227', 'นางสาว', 'จันทร์เจ้า', 'แสงสว่าง', 'Ms.', 'Chanchao', 'Saengswang', '321 อ.เซกา จ.บึงกาฬ', 30, 'Chanchao_s@gmail.com', 2, 1, 'Y', 22000, '2020-02-16', 80, 168, 'มีตำแหน่งงานที่สนใจ', 'JobThai.com', '2020-02-01', 23000, '2020-01-31', 50, 78, 'มีลูกที่ต้องดูแล'),
(55, '3075860392065', 'นางสาว', 'มาลัย', 'สีเขียว', 'Ms.', 'Malay', 'Sikheiyw', '164 อ.ท่าอุเทน จ.นครพนม', 29, 'Malay_s2@gmail.com', 0, 0, 'N', 0, '2020-02-13', 73, 172, 'อยากเป็นส่วนหนึ่งของที่นี่', 'Facebook', '2020-02-21', 22000, '2020-01-13', 56, 70, 'ไม่สะดวก'),
(56, '4424032636876', 'นาย', 'อาโป', 'ทำดี', 'Mr.', 'Apo', 'Thade', '140อ.ไชโย จ.อ่างทอง', 27, 'Apo_41@gmail.com', 0, 0, 'N', 0, '2020-02-11', 65, 165, 'สอดคล้องกับเป้าหมายของตัวเอง', 'Google AD', '2020-02-19', 20000, '2020-02-19', 45, 86, ''),
(57, '3395860685981', 'นาง', 'มีนา', 'ทาลา', 'Mrs.', 'Meena', 'Tala', '6 อ.โพนนาแก้ว จ.สกลนคร', 27, 'Meena_95@gmail.com', 5, 3, 'Y', 24000, '2020-02-21', 60, 180, 'บริษัทก็น่าร่วมงานด้วยเช่นกัน', 'Facebook', '2020-02-11', 25000, '2020-01-19', 41, 70, 'สามารถไปได้ '),
(58, '1479900546007', 'นาง', 'เอวา', 'เทย์เลอร์', 'Mrs.', 'Ava', 'Taylor', '146 อ.สังคม จ.หนองคาย', 32, 'Ava_t0@gmail.com', 0, 0, 'N', 0, '2020-02-05', 62, 175, 'วิสัยทัศน์และทัศนคติที่ดีของผู้บริหาร', 'Google AD', '2020-02-25', 23000, '2020-02-15', 40, 74, ''),
(59, '6027027985348', 'นาย', 'ไอรัน', 'อดัมสัน', 'Mr.', 'Ian', 'Adamson', '55 อ.ปากชม จ.เลย', 32, 'Ian_333@gmail.com', 2, 2, 'Y', 21000, '2020-02-14', 63, 164, 'บริษัทนี้อยู่ไม่ไกลจากที่พักเท่าไร', 'Facebook', '2020-02-25', 22000, '2020-03-01', 57, 86, 'เดินทางลำบาก'),
(60, '1479900546009', 'นาย', 'ลูคัส', 'อีแวนสัน', 'Mr.', 'Lucas', 'Evanson', '121/6 แขวงจอมพล เขตจตุจักร กรุงเทพ', 26, 'Lucas_7@gmail.com', 0, 0, 'N', 0, '2020-02-01', 55, 168, 'คิดว่าตัวเองก็มีศักยภาพมากพอ', 'Google AD', '2020-02-16', 20000, '2020-02-09', 52, 75, 'สามารถไปได้ '),
(61, '1479900546010', 'นาง', 'เอลลี่', 'เลียวนาร์ด', 'Mrs.', 'Elle', 'Leonard', '88 อ.ปัว จ.น่าน', 28, 'Elle_l@gmail.com', 2, 1, 'Y', 24000, '2020-02-07', 54, 165, 'ไม่ต้องกังวลกับการเดินทาง', 'JobThai.com', '2020-02-13', 25000, '2020-01-30', 46, 80, 'สามารถไปได้ '),
(62, '3058197663356', 'นางสาว', 'จินนี่', 'เมอร์ตัน', 'Ms.', 'Ginny', 'Merton', '50 อ.บ่อเกลือ จ.น่าน', 28, 'Ginny_m@gmail.com', 3, 2, 'Y', 22000, '2020-02-29', 59, 175, 'บริษัทเป็นองค์กรที่มีชื่อเสียง', 'Google AD', '2020-02-18', 23000, '2020-01-02', 40, 89, 'สามารถไปได้ '),
(63, '1479900546012', 'นาง', 'มิรา', 'อีแวนส์', 'Mrs.', 'Mira', 'Evans', '149 อ.บรบือ จ.มหาสารคาม', 30, 'Mira.e22@gmail.com', 3, 1, 'Y', 21000, '2020-02-28', 58, 173, 'เป็นบริษัทที่ดูแลพนักงานเป็นอย่างดี', 'Facebook', '2020-02-06', 22000, '2020-02-29', 43, 76, ''),
(64, '1479900546013', 'นางสาว', 'ลินา', 'วิลลิส', 'Ms.', 'Lina', 'Willis', '130 อ.นาหว้า จ.นครพนม', 34, 'Lina_w1@gmail.com', 2, 1, 'Y', 19000, '2020-02-21', 62, 172, 'บริษัทมีประวัติการทำงานที่มั่งคง ยาวนาน', 'Facebook', '2020-02-07', 20000, '2020-02-10', 52, 74, 'สามารถไปได้ '),
(65, '1479900546014', 'นาย', 'เจมส์', 'แฮร์ริส', 'Mr.', 'James', 'Harri', '170 อ.บ้างตาก จ.ตาก', 32, 'James_00@gmail.com', 0, 0, 'N', 0, '2020-02-21', 62, 168, 'เป็นบริษัทที่เปิดโอกาสให้คนรุ่นใหม่', 'Facebook', '2020-02-27', 25000, '2020-02-09', 55, 79, 'สามารถไปได้ '),
(66, '4937979508526', 'นาย', 'ชาร์ลี', 'มิลเลอร์', 'Mr.', 'Charles', 'Miller', '78/3 อ.อ่าวลึก จ.กระบี่', 31, 'Charles_38@gmail.com', 0, 0, 'N', 0, '2020-02-10', 72, 170, 'วิสัยทัศน์และทัศนคติที่ดีของผู้บริหาร', 'Facebook', '2020-02-27', 23000, '2020-01-08', 51, 81, 'สามารถไปได้ '),
(67, '1479900546016', 'นาง', 'โซเฟีย', 'วิลเลียมส์', 'Mrs.', 'Sophia', 'Williams', '333 อ.ท่าหลวง จ.ลพบุรี่', 36, 'Sophia_w@gmail.com', 0, 0, 'N', 0, '2020-02-25', 78, 163, '', 'Facebook', '2020-02-26', 22000, '2020-01-14', 43, 86, ''),
(68, '1479900546017', 'นาย', 'คูเปอร์', 'โจนส์', 'Mr.', 'Coope', 'Jones', '3 อ.นาโยง จ.ตรัง', 29, 'Coope_j@gmail.com', 5, 2, 'Y', 19000, '2020-02-29', 58, 170, 'เรียนรู้สิ่งใหม่ๆ', 'Facebook', '2020-02-25', 20000, '2020-01-21', 46, 83, 'สุขภาพอ่อนแอ'),
(69, '1479900546018', 'นางสาว', 'รติชา', 'เกตส์', 'Ms.', 'Latisha', 'Gates', '103 อ.อุ้มผาง จ.ตาก', 25, 'Latisha_g@gmail.com', 3, 3, 'Y', 24000, '2020-02-06', 64, 172, 'ท้าทายตัวเอง', 'Facebook', '2020-02-25', 24000, '2020-02-13', 48, 75, ''),
(70, '1479900546019', 'นางสาว', 'อารียา', 'เรืองรอง', 'Ms.', 'Aliyah', 'Reuangrong', '161 อ.โพนนาแก้ว จ.สกลนคร', 25, 'Aliyah_r@gmail.com', 0, 0, 'N', 0, '2020-02-22', 59, 168, 'สอดคล้องกับเป้าหมายของตัวเอง', 'Facebook', '2020-02-07', 20000, '2020-01-11', 55, 80, 'สามารถไปได้ '),
(71, '1479900546020', 'นาย', 'นาธาน', 'เพอร์รี่', 'Mr.', 'Nathan', 'Perry', '821 อ.แกดำ จ.มหาสารคาม', 29, 'Nathan_p@gmail.com', 2, 1, 'Y', 21000, '2020-02-16', 58, 172, 'วิสัยทัศน์และทัศนคติที่ดีของผู้บริหาร', 'Facebook', '2020-02-14', 22000, '2020-01-24', 50, 73, ''),
(72, '9878824208277', 'นาง', 'ญาณา', 'ฮอว์ก', 'Mrs.', 'Yana', 'Hawk', '34 อ.พังโคน จ.สกลนคร', 27, 'Yana_h@gmail.com', 0, 0, 'N', 0, '2020-02-01', 56, 165, 'วิสัยทัศน์และทัศนคติที่ดีของผู้บริหาร', 'เพื่อนแนะนำ', '2020-02-24', 20000, '2020-02-11', 53, 75, ''),
(73, '1479900546022', 'นาย', 'พัชรวรรธ', 'อินทรมา', 'Mr.', 'Pacharawat', 'Intarama', '20 อ.แม่จริม จ.น่าน', 26, 'Pacharawat_l@gmail.com', 3, 1, 'Y', 24000, '2020-02-20', 70, 180, 'มีตำแหน่งงานที่สนใจ', 'Google AD', '2020-02-23', 25000, '2020-01-14', 42, 78, 'สามารถไปได้ '),
(74, '1479900546023', 'นาย', 'นนท์', 'วงศ์วริศธารา', 'Mr.', 'Non', 'Wongwarittara', '136 อ.ลำสนธิ จ.ลพบุรี', 31, 'Non_w4@gmail.com', 2, 1, 'Y', 22000, '2020-02-11', 71, 175, 'มีตำแหน่งงานที่สนใจ', 'Google AD', '2020-02-07', 23000, '2020-01-02', 54, 70, ''),
(75, '1479900546024', 'นางสาว', 'ณิชา', 'พันธ์ภูผา', 'Ms.', 'Nicha', 'Panphupa', '19 อ.กะปง จ.พังงา', 30, 'Nicha_p6@gmail.com', 2, 1, 'Y', 21000, '2020-02-27', 73, 164, 'วิสัยทัศน์และทัศนคติที่ดีของผู้บริหาร', 'Google AD', '2020-02-24', 22000, '2020-01-16', 50, 86, ''),
(76, '1479900546025', 'นาย', 'ปองเดช', 'นิธิวรสกุล', 'Mr.', 'Pongdech', 'Nithiworasakul', '100 อ.เมือง จ.หนองคาย', 32, 'Pongdech_n7@gmail.com', 0, 0, 'N', 0, '2020-02-16', 63, 168, 'ประทับใจที่บริษัท', 'เพื่อนแนะนำ', '2020-02-08', 20000, '2020-01-08', 43, 70, ''),
(77, '2883813161683', 'นาง', 'กชพรรณ', 'โชติพาณิชย์', 'Mrs.', 'Kochapan', 'Chotipanitch', '87 อ.สวี จ.ชุมพร', 32, 'Kochapan_c1@gmail.com', 3, 3, 'Y', 24000, '2020-02-13', 65, 165, 'มีตำแหน่งงานที่สนใจ', 'Facebook', '2020-02-18', 25000, '2020-01-14', 51, 74, 'สามารถไปได้ '),
(78, '1479900546027', 'นาย', 'ดรัณภพ', 'อนงค์นัทธวีรัตน์', 'Mr.', 'Daranpob', 'Anongnatthaweerat', '44 อ.เกาะยาว จ.พังงา', 31, 'Daranpob_a@gmail.com', 2, 2, 'Y', 22000, '2020-02-18', 65, 175, 'สอดคล้องกับเป้าหมายของตัวเอง', 'เพื่อนแนะนำ', '2020-02-22', 23000, '2020-01-25', 40, 86, 'สามารถไปได้ '),
(79, '1479900546028', 'นางสาว', 'ปุญญิศา', 'ธนสุนทรวงศ์', 'Ms.', 'Punyisa', 'Thanasunthornwong', '150 อ.เสาไห้ จ.สระบุรี', 29, 'Punyisa_t@gmail.com', 2, 2, 'Y', 21000, '2020-02-07', 60, 173, 'ประทับใจที่บริษัท', 'Google AD', '2020-02-21', 22000, '2020-02-26', 56, 75, 'สามารถไปได้ '),
(80, '1479900546029', 'นาย', 'เกียรตินคร', 'พงศ์พิไล', 'Mr.', 'Kiatnakorn', 'Pongpilai', '82 อ.ศรีวิไล จ.บึงกาฬ', 28, 'Kiatnakorn_p@gmail.com', 0, 0, 'N', 0, '2020-02-03', 61, 172, 'มีตำแหน่งงานที่สนใจ', 'JobThai.com', '2020-02-19', 20000, '2020-01-21', 57, 80, ''),
(81, '1479900546030', 'นางสาว', 'วิมลรัตน์', 'วงวิไล', 'Ms.', 'Wimonrat', 'Wimonrat Wongwilai', '115 อ.บ้านหมี่ จ.ลพบุรี', 29, 'Wimonrat_w@gmail.com', 5, 1, 'Y', 24000, '2020-02-16', 58, 168, 'อยากเป็นส่วนหนึ่งของที่นี่', 'Google AD', '2020-02-13', 25000, '2020-02-24', 46, 89, 'ไม่สะดวก'),
(82, '1479900546031', 'นาง', 'นิษฐา', 'สาลี', 'Mrs.', 'Nittha', 'Sali', '168 อ.นาดูน จ.มหาสารคาม', 27, 'Nittha_s@gmail.com', 2, 1, 'Y', 22000, '2020-02-01', 55, 170, 'วิสัยทัศน์และทัศนคติที่ดีของผู้บริหาร', 'Facebook', '2020-02-10', 23000, '2020-01-19', 50, 76, 'ไม่สะดวก'),
(83, '8726950198328', 'นาย', 'ปวิน', 'พัฒนปรีชา', 'Mr.', 'Pawin', 'Patanapreecha', '153 อ.ละแม จ.ชุมพร', 25, 'Pawin_p9@gmail.com', 0, 0, 'N', 0, '2020-02-15', 59, 163, 'ไม่ต้องกังวลกับการเดินทาง', 'Facebook', '2020-02-16', 22000, '2020-02-27', 56, 74, ''),
(84, '1479900546033', 'นางสาว', 'อัญนา', 'สิริอนันต์', 'Ms.', 'Anna', 'Sirianan', '54 อ.เมือง จ.กระบี่', 25, 'Anna_ss@gmail.com', 0, 0, 'N', 0, '2020-02-24', 57, 170, 'สอดคล้องกับเป้าหมายของตัวเอง', 'เพื่อนแนะนำ', '2020-02-25', 21000, '2020-02-13', 45, 79, 'สามารถไปได้ '),
(85, '1479900546034', 'นางสาว', 'ธมน', 'สว่างวิทยา', 'Ms.', 'Tamon', 'Sawangwittaya', '43 อ.ปลาปาก จ.นครพนม', 24, 'Tamon_s6@gmail.com', 0, 0, 'N', 0, '2020-02-14', 72, 172, 'สอดคล้องกับเป้าหมายของตัวเอง', 'JobThai.com', '2020-02-13', 25000, '2020-01-25', 41, 81, ''),
(86, '1479900546035', 'นางสาว', 'ศศิ', 'เลิศพานิชกุล', 'Ms.', 'Sasi', 'Lertpanichkul', '301 อ.เมือง จ.น่าน', 26, 'Sasi_ll@gmail.com', 3, 3, 'Y', 22000, '2020-02-21', 71, 168, 'อยากเป็นส่วนหนึ่งของที่นี่', 'JobThai.com', '2020-02-14', 23000, '2020-01-24', 40, 86, 'สามารถไปได้ '),
(87, '3274277337026', 'นาย', 'การันต์', 'ตั้งตระกูลเจริญ', 'Mr.', 'Karan', 'Tangjareonsakul', '99 อ.เมือง จ.สกลนคร', 26, 'Karan_ta@gmail.com', 0, 0, 'N', 0, '2020-02-11', 63, 172, 'ไม่ต้องกังวลกับการเดินทาง', 'เพื่อนแนะนำ', '2020-02-10', 22000, '2020-02-05', 57, 83, ''),
(88, '1479900546037', 'นาย', 'พสธร', 'วีระพงศ์ศาล', 'Mr.', 'Possathorn', 'Weerapongsarn', '48 อ.แม่สอด จ.ตาก', 29, 'Possathorn_ph@gmail.com', 3, 2, 'Y', 19000, '2020-02-06', 65, 165, 'ประทับใจที่บริษัท', 'เพื่อนแนะนำ', '2020-02-01', 20000, '2020-02-15', 52, 75, ''),
(89, '4596610731487', 'นาย', 'ภูริวัฒน์', 'เพชรประเสริฐ', 'Mr.', 'Phuriwat', 'Phetprasert', '17 อ.ภูหลวง จ.เลย', 25, 'Phuriwat_pp@gmail.com', 3, 2, 'Y', 19000, '2020-02-11', 55, 180, 'ไม่ต้องกังวลกับการเดินทาง', 'Facebook', '2020-02-12', 21000, '2020-01-11', 46, 80, 'สามารถไปได้ '),
(90, '1479900546039', 'นางสาว', 'ปัถย์', 'อินทรประสาท', 'Ms.', 'Pat', 'Intaraprasart', '161 อ.เมือง จ.มหาสารคาม', 27, 'Pat_l2@gmail.com', 2, 1, 'Y', 22000, '2020-02-19', 59, 175, 'ประทับใจที่บริษัท', 'Facebook', '2020-02-27', 23000, '2020-01-05', 40, 73, ''),
(91, '1479900546040', 'นางสาว', 'ธนาทิพย์ ', 'แสงตะวัน', 'Ms.', 'Thanatip', 'Sangtawan', '125 อ.งาว จ.ลำปาง', 28, 'Thanatip_ss5@gmail.com', 2, 1, 'Y', 21000, '2020-02-14', 70, 164, 'อยากเป็นส่วนหนึ่งของที่นี่', 'เพื่อนแนะนำ', '2020-02-11', 22000, '2020-02-01', 43, 75, ''),
(92, '1479900546041', 'นาย', 'รุ่งสันต์', 'สุขประเสริญ', 'Mr.', 'Rungsun', 'Sukprasert', '31 อ.นาน้อย จ.น่าน', 29, 'Rungsun_s8@gmail.com', 3, 1, 'Y', 19000, '2020-02-18', 63, 168, 'ไม่ต้องกังวลกับการเดินทาง', 'Google AD', '2020-02-25', 20000, '2020-02-17', 52, 78, ''),
(93, '5414553820045', 'นาง', 'ปภาวดี', 'จรัสโสภณ', 'Mrs.', 'Papawadee', 'Jarassopon', '211/1 แขวงคันนายยาว เขตคันนายาว กรุงเทพ', 30, 'Papawadee_p7@gmail.com', 2, 2, 'Y', 24000, '2020-02-22', 55, 165, 'สอดคล้องกับเป้าหมายของตัวเอง', 'Google AD', '2020-02-21', 25000, '2020-01-23', 55, 70, 'สามารถไปได้ '),
(94, '1479900546043', 'นาง', 'พาฝัน', 'ปลื้มปิติ', 'Mrs.', 'Pafun', 'Pleumpiti', '27 อ.เฝ้าไร่ จ.หนองคาย', 34, 'Pafun_pp@gmail.com', 0, 0, 'N', 0, '2020-02-29', 58, 175, 'ชอบผลงาน', 'Facebook', '2020-02-05', 22000, '2020-02-16', 51, 86, 'สามารถไปได้ '),
(95, '1479900546044', 'นาย', 'อานนท์', 'แสนเลิศ', 'Mr.', 'Anon', 'Sanlerd', '133 อ.เมือง จ.อ่างทอง', 31, 'Anon_s@gmail.com', 2, 2, 'Y', 21000, '2020-02-07', 60, 173, 'ประทับใจที่บริษัท', 'JobThai.com', '2020-02-14', 22000, '2020-01-25', 43, 70, 'สามารถไปได้ '),
(96, '1479900546045', 'นาย', 'ธนัช', 'สิริอนันต์', 'Mr.', 'Thanad', 'Sirianan', '93 อ.นาแก จ.นครพนม', 30, 'Thanad_s@gmail.com', 3, 1, 'Y', 19000, '2020-02-18', 72, 172, 'ไม่ต้องกังวลกับการเดินทาง', 'Google AD', '2020-02-03', 20000, '2020-02-12', 46, 74, ''),
(97, '1479900546046', 'นาง', 'นันทิชา', 'ธารางาม', 'Mrs.', 'Nanticha', 'Tarangam', '63/1 อ.เมือง จ.เลย', 30, 'Nanticha_t@gmail.com', 2, 1, 'Y', 24000, '2020-02-07', 55, 168, 'อยากเป็นส่วนหนึ่งของที่นี่', 'JobThai.com', '2020-02-18', 25000, '2020-02-15', 48, 86, 'ไม่สะดวก'),
(98, '2868426696651', 'นางสาว', 'ปิยาพร', 'สาลี', 'Ms.', 'Piyaporn', 'Sali', '50 อ.บึงโขลงหลง จ.บึงกาฬ', 25, 'Piyaporn_s@gmail.com', 5, 3, 'Y', 22000, '2020-02-15', 63, 170, 'ไม่ต้องกังวลกับการเดินทาง', 'Google AD', '2020-02-06', 23000, '2020-02-23', 55, 75, 'สามารถไปได้ '),
(99, '1479900546048', 'นาง', 'ปิยาพร', 'แสงสุวรรณ', 'Mrs.', 'Piyaporn', 'Sangsuwan', '23 อ.แม่พริก จ.ลำปาง', 25, 'Piyaporn_s@gmail.com', 0, 0, 'N', 0, '2020-02-27', 71, 163, 'อยากเป็นส่วนหนึ่งของที่นี่', 'Google AD', '2020-02-26', 20000, '2020-02-12', 50, 80, 'สามารถไปได้ '),
(100, '1479900546049', 'นาย', 'ฐิติกร', 'ปราสาทงาม', 'Mr.', 'Thitikorn', 'Prasartngam', '77 อ.วังวิเศษ จ.ตรัง', 29, 'Thitikorn_p@gmail.com', 4, 2, 'Y', 19000, '2020-02-10', 61, 170, 'ไม่ต้องกังวลกับการเดินทาง', 'Facebook', '2020-02-26', 20000, '2020-02-19', 53, 89, 'สามารถไปได้ ');

-- --------------------------------------------------------

--
-- Table structure for table `application_info`
--

CREATE TABLE `application_info` (
  `Open_ID` int(3) NOT NULL,
  `Position_ID` int(2) NOT NULL,
  `Round_No` int(3) NOT NULL,
  `Office_ID` int(3) NOT NULL,
  `Applicants_ID` int(3) NOT NULL
) ENGINE=InnoDB DEFAULT CHARSET=utf8mb4 COLLATE=utf8mb4_general_ci;

--
-- Dumping data for table `application_info`
--

INSERT INTO `application_info` (`Open_ID`, `Position_ID`, `Round_No`, `Office_ID`, `Applicants_ID`) VALUES
(1, 1, 1, 77, 7),
(1, 2, 1, 77, 17),
(1, 2, 1, 77, 26),
(1, 2, 1, 77, 46),
(1, 2, 1, 77, 67),
(2, 3, 1, 77, 74),
(2, 3, 2, 10, 2),
(2, 3, 2, 10, 13),
(2, 3, 2, 10, 32),
(2, 3, 2, 10, 39),
(2, 3, 2, 10, 52),
(2, 3, 2, 10, 53),
(2, 3, 2, 10, 56),
(2, 3, 2, 10, 58),
(2, 3, 2, 10, 63),
(2, 3, 2, 10, 64),
(2, 3, 2, 10, 69),
(2, 3, 2, 10, 72),
(2, 3, 2, 10, 81),
(2, 3, 2, 10, 83),
(2, 3, 2, 10, 84),
(2, 3, 2, 10, 94),
(2, 3, 2, 10, 96),
(2, 3, 2, 10, 98),
(2, 3, 2, 10, 99),
(3, 1, 1, 26, 51),
(3, 1, 1, 26, 93),
(3, 1, 3, 26, 10),
(3, 1, 3, 26, 19),
(3, 1, 3, 26, 29),
(3, 1, 3, 26, 41),
(4, 4, 1, 15, 70),
(4, 4, 1, 25, 77),
(4, 4, 4, 15, 9),
(4, 4, 4, 15, 20),
(4, 4, 4, 15, 28),
(4, 4, 4, 15, 40),
(5, 3, 1, 10, 61),
(5, 3, 1, 10, 75),
(5, 3, 5, 47, 21),
(5, 3, 5, 47, 30),
(5, 4, 1, 60, 89),
(5, 4, 5, 60, 4),
(5, 4, 5, 60, 44),
(6, 2, 1, 14, 54),
(6, 2, 1, 14, 86),
(6, 2, 6, 14, 18),
(6, 2, 6, 14, 23),
(6, 2, 6, 14, 33),
(6, 2, 6, 14, 38),
(7, 5, 1, 25, 71),
(7, 5, 1, 25, 78),
(7, 5, 1, 25, 85),
(7, 5, 1, 25, 95),
(7, 5, 1, 77, 1),
(7, 5, 7, 25, 12),
(7, 5, 7, 25, 35),
(7, 5, 7, 25, 48),
(8, 1, 1, 25, 62),
(8, 1, 1, 25, 76),
(8, 1, 1, 25, 90),
(8, 1, 8, 25, 6),
(8, 1, 8, 25, 16),
(8, 1, 8, 25, 25),
(8, 5, 8, 25, 45),
(9, 5, 1, 14, 55),
(9, 5, 1, 14, 57),
(9, 5, 1, 14, 66),
(9, 5, 1, 14, 68),
(9, 5, 1, 14, 80),
(9, 5, 1, 14, 82),
(9, 5, 2, 60, 3),
(9, 5, 9, 14, 24),
(9, 5, 9, 14, 34),
(9, 5, 9, 14, 47),
(10, 4, 1, 11, 73),
(10, 4, 2, 11, 59),
(10, 4, 2, 11, 79),
(10, 4, 2, 11, 91),
(10, 4, 2, 11, 97),
(10, 4, 2, 11, 100),
(10, 4, 10, 11, 11),
(10, 4, 10, 11, 27),
(10, 5, 2, 11, 60),
(10, 5, 2, 11, 87),
(10, 5, 2, 11, 88),
(10, 5, 2, 11, 92),
(10, 5, 10, 11, 14),
(10, 5, 10, 11, 37),
(10, 5, 10, 11, 50),
(11, 4, 2, 64, 65),
(11, 4, 11, 64, 5),
(11, 4, 11, 64, 15),
(11, 4, 11, 64, 36),
(11, 4, 11, 64, 43),
(12, 5, 12, 33, 8),
(12, 5, 12, 33, 22),
(12, 5, 12, 33, 31),
(12, 5, 12, 33, 42),
(12, 5, 12, 33, 49);

-- --------------------------------------------------------

--
-- Table structure for table `certificate`
--

CREATE TABLE `certificate` (
  `End_date` date NOT NULL,
  `Cer_By` varchar(1000) NOT NULL,
  `Cer_ID` int(50) NOT NULL,
  `On_Date` date NOT NULL,
  `Cer_Name` varchar(1000) NOT NULL,
  `Applicants_ID` int(3) NOT NULL
) ENGINE=InnoDB DEFAULT CHARSET=utf8mb4 COLLATE=utf8mb4_general_ci;

--
-- Dumping data for table `certificate`
--

INSERT INTO `certificate` (`End_date`, `Cer_By`, `Cer_ID`, `On_Date`, `Cer_Name`, `Applicants_ID`) VALUES
('2022-05-23', 'มหาวิทยาลัยเชียงใหม่ ', 10012345, '2019-05-23', 'ปวช.', 1),
('2021-06-01', 'มหาวิทยาลัยศรีปทุม ', 10034567, '2018-06-01', 'ปวช.', 10),
('2022-01-16', 'มหาวิทยาลัยเกษตรศาสตร์', 10150857, '2018-08-21', 'ปวท.', 75),
('2023-08-24', 'มหาวิทยาลัยราชภัฏอุดรธานี', 10309863, '2019-05-16', 'ปวช.', 100),
('2019-05-20', 'มหาวิทยาลัยแม่ฟ้าหลวง', 11012345, '2016-05-20', 'ปวช.', 11),
('2023-03-24', 'มหาวิทยาลัยราชภัฏอุดรธานี', 11318094, '2018-03-16', 'ปวช.', 85),
('2019-05-20', 'มหาวิทยาลัยแม่โจ้', 12056789, '2016-05-21', 'ปวช.', 12),
('2023-10-03', 'มหาวิทยาลัยราชภัฏอุดรธานี', 12974261, '2019-08-01', 'ปวช.', 93),
('2019-05-22', 'มหาวิทยาลัยนเรศวร', 13012345, '2016-05-22', 'ปวช.', 13),
('2023-05-25', 'มหาวิทยาลัยแม่ฟ้าหลวง', 13091971, '2018-03-01', 'ปวท.', 83),
('2023-05-23', 'มหาวิทยาลัยราชภัฏอุดรธานี', 14078901, '2020-05-23', 'ปวช.', 14),
('2023-05-24', 'มหาวิทยาลัยขอนแก่น', 15079904, '2020-05-24', 'ปวส.', 15),
('2022-05-25', 'มหาวิทยาลัยราชภัฏอุตรดิตถ์', 16090123, '2019-05-25', 'ปวช.', 16),
('2022-05-26', 'มหาวิทยาลัยแม่ฟ้าหลวง', 17056789, '2019-05-26', 'ปวช.', 17),
('2023-01-11', 'มหาวิทยาลัยขอนแก่น', 17958292, '2018-08-07', 'ปวช.', 52),
('2022-05-24', 'มหาวิทยาลัยแม่โจ้', 18090123, '2019-05-24', 'ปวช.', 18),
('2019-05-24', 'มหาวิทยาลัยราชภัฏเชียงใหม่', 19012345, '2016-05-24', 'ปวช.', 19),
('2019-05-25', 'มหาวิทยาลัยมหาสารคาม', 20056789, '2016-05-25', 'ปวช.', 20),
('2022-05-26', 'มหาวิทยาลัยเกษตรศาสตร์', 20456789, '2019-05-26', 'ปวช.', 2),
('2020-05-25', 'มหาวิทยาลัยราชภัฏสกลนคร', 21090123, '2017-05-25', 'ปวช.', 21),
('2022-06-19', 'มหาวิทยาลัยราชภัฏเชียงใหม่', 21284621, '2019-05-01', 'ปวช.', 63),
('2020-05-26', 'มหาวิทยาลัยราชภัฏร้อยเอ็ด', 22056789, '2017-05-26', 'ปวส.', 22),
('2023-08-26', 'มหาวิทยาลัยแม่โจ้', 22738104, '2019-06-30', 'ปวช.', 62),
('2022-05-29', 'มหาวิทยาลัยแม่ฟ้าหลวง', 23059784, '2019-05-29', 'ปวส.', 23),
('2022-05-28', 'มหาวิทยาลัยราชภัฏมหาสารคาม', 24012345, '2019-05-28', 'ปวส.', 24),
('2023-06-27', 'มหาวิทยาลัยมหิดล', 24741032, '2019-10-18', 'ปวส.', 72),
('2022-09-21', 'มหาวิทยาลัยแม่ฟ้าหลวง', 24934580, '2019-04-27', 'ปวท.', 67),
('2022-05-28', 'มหาวิทยาลัยราชภัฏอุดรธานี', 25056789, '2019-05-28', 'ปวส.', 25),
('2022-10-05', 'มหาวิทยาลัยขอนแก่น', 26002156, '2019-06-23', 'ปวช.', 81),
('2023-05-29', 'มหาวิทยาลัยราชภัฏเลย', 26012345, '2020-05-29', 'ปวส.', 26),
('2023-07-07', 'มหาวิทยาลัยแม่ฟ้าหลวง', 26119268, '2018-04-06', 'ปวช.', 55),
('2023-05-30', 'มหาวิทยาลัยราชภัฏอุตรดิตถ์', 27058789, '2020-05-30', 'ปวช.', 27),
('2023-05-30', 'มหาวิทยาลัยมหิดล', 28056789, '2020-05-30', 'ปวส.', 28),
('2022-05-30', 'มหาวิทยาลัยราชภัฏมหาสารคาม', 29012345, '2020-05-31', 'ปวช.', 29),
('2022-05-22', 'มหาวิทยาลัยเชียงใหม่ ', 30056789, '2019-05-22', 'ปวส.', 30),
('2023-05-29', 'มหาวิทยาลัยเกษตรศาสตร์', 30354786, '2020-05-29', 'ปวช.', 3),
('2019-05-20', 'มหาวิทยาลัยเกษตรศาสตร์', 31012345, '2019-05-23', 'ปวช.', 31),
('2022-10-11', 'มหาวิทยาลัยแม่ฟ้าหลวง', 31035553, '2019-07-07', 'ปวส.', 90),
('2023-10-30', 'มหาวิทยาลัยศิลปากร', 31050436, '2019-12-21', 'ปวช.', 53),
('2019-05-22', 'มหาวิทยาลัยธรรมศาสตร์', 32056789, '2018-05-25', 'ปวช.', 32),
('2023-05-23', 'มหาวิทยาลัยรังสิต', 33012345, '2018-05-25', 'ปวช.', 33),
('2022-10-07', 'มหาวิทยาลัยราชภัฏอุตรดิตถ์', 33828293, '2019-08-27', 'ปวช.', 71),
('2023-05-24', 'มหาวิทยาลัยมหิดล', 34056789, '2018-05-26', 'ปวช.', 34),
('2022-05-25', 'มหาวิทยาลัยศรีนครินทรวิโรฒ', 35012345, '2020-05-26', 'ปวช.', 35),
('2023-02-27', 'มหาวิทยาลัยราชภัฏมหาสารคาม', 35088031, '2018-06-13', 'ปวช.', 84),
('2022-05-26', 'มหาวิทยาลัยราชภัฏนครปฐม', 36056789, '2020-05-24', 'ปวส.', 36),
('2022-05-24', 'มหาวิทยาลัยขอนแก่น', 37012345, '2018-05-24', 'ปวส.', 37),
('2022-08-25', 'มหาวิทยาลัยราชภัฏอุดรธานี', 37819928, '2018-09-14', 'ปวช.', 58),
('2019-05-24', 'มหาวิทยาลัยศิลปากร', 38056789, '2018-05-23', 'ปวช.', 38),
('2022-10-25', 'มหาวิทยาลัยมหาสารคาม', 38325483, '2018-06-25', 'ปวท.', 64),
('2022-10-16', 'มหาวิทยาลัยราชภัฏสกลนคร', 38604705, '2019-08-31', 'ปวส.', 65),
('2019-05-25', 'มหาวิทยาลัยศรีปทุม ', 39012345, '2018-05-23', 'ปวช.', 39),
('2020-05-25', 'มหาวิทยาลัยแม่ฟ้าหลวง', 40056789, '2017-05-24', 'ปวส.', 40),
('2023-05-29', 'มหาวิทยาลัยรังสิต', 40567890, '2020-05-29', 'ปวช.', 4),
('2020-05-26', 'มหาวิทยาลัยแม่โจ้', 41012345, '2017-05-23', 'ปวส.', 41),
('2023-10-18', 'มหาวิทยาลัยธรรมศาสตร์', 41285726, '2018-06-25', 'ปวส.', 76),
('2022-05-29', 'มหาวิทยาลัยราชภัฏมหาสารคาม', 42056789, '2017-05-23', 'ปวส.', 42),
('2022-05-28', 'มหาวิทยาลัยราชภัฏอุดรธานี', 43012345, '2015-05-24', 'ปวช.', 43),
('2022-05-28', 'มหาวิทยาลัยราชภัฏเลย', 44056789, '2015-05-22', 'ปวช.', 44),
('2023-05-29', 'มหาวิทยาลัยเกษตรศาสตร์', 45012345, '2015-05-22', 'ปวช.', 45),
('2023-06-03', 'มหาวิทยาลัยศิลปากร', 45430007, '2019-02-13', 'ปวช.', 82),
('2023-05-30', 'มหาวิทยาลัยธรรมศาสตร์', 46056789, '2018-05-24', 'ปวส.', 46),
('2022-05-29', 'มหาวิทยาลัยนเรศวร', 46342774, '2019-01-19', 'ปวช.', 57),
('2023-05-30', 'มหาวิทยาลัยรังสิต', 47012345, '2018-05-24', 'ปวส.', 47),
('2022-05-30', 'มหาวิทยาลัยมหิดล', 48056789, '2019-05-24', 'ปวส.', 48),
('2022-05-22', 'มหาวิทยาลัยเชียงใหม่ ', 49012345, '2019-05-23', 'ปวช.', 49),
('2022-05-23', 'มหาวิทยาลัยขอนแก่น', 50056789, '2019-05-23', 'ปวช.', 50),
('2024-05-30', 'มหาวิทยาลัยมหิดล', 50123456, '2021-05-30', 'ปวช.', 5),
('2022-06-14', 'มหาวิทยาลัยราชภัฏนครปฐม', 50572530, '2018-09-27', 'ปวช.', 51),
('2023-07-01', 'มหาวิทยาลัยมหิดล', 51356998, '2018-08-31', 'ปวส.', 78),
('2022-01-03', 'มหาวิทยาลัยศรีปทุม ', 52641978, '2018-12-22', 'ปวส.', 96),
('2023-12-15', 'มหาวิทยาลัยราชภัฏมหาสารคาม', 53354159, '2019-01-24', 'ปวส.', 73),
('2023-03-22', 'มหาวิทยาลัยราชภัฏอุตรดิตถ์', 54434132, '2019-05-06', 'ปวช.', 87),
('2022-08-01', 'มหาวิทยาลัยศรีปทุม ', 56861199, '2018-02-19', 'ปวส.', 89),
('2023-05-02', 'มหาวิทยาลัยราชภัฏอุดรธานี', 60299461, '2019-11-04', 'ปวช.', 69),
('2023-05-07', 'มหาวิทยาลัยราชภัฏมหาสารคาม', 60368156, '2019-01-25', 'ปวช.', 68),
('2024-05-22', 'มหาวิทยาลัยศรีนครินทรวิโรฒ', 60789012, '2021-05-22', 'ปวช.', 6),
('2023-09-06', 'มหาวิทยาลัยเชียงใหม่ ', 68296055, '2019-08-16', 'ปวส.', 74),
('2023-02-16', 'มหาวิทยาลัยราชภัฏนครปฐม', 68328410, '2019-02-25', 'ปวส.', 80),
('2023-08-15', 'มหาวิทยาลัยศรีนครินทรวิโรฒ', 69661412, '2019-05-02', 'ปวช.', 79),
('2020-06-01', 'มหาวิทยาลัยราชภัฏนครปฐม', 70345678, '2017-06-01', 'ปวช.', 7),
('2023-01-07', 'มหาวิทยาลัยแม่ฟ้าหลวง', 73353435, '2018-09-22', 'ปวช.', 97),
('2022-06-16', 'มหาวิทยาลัยราชภัฏมหาสารคาม', 77104256, '2018-06-15', 'ปวท.', 99),
('2022-05-30', 'มหาวิทยาลัยราชภัฏเลย', 79082264, '2018-12-10', 'ปวช.', 86),
('2020-06-04', 'มหาวิทยาลัยขอนแก่น', 80901234, '2017-06-04', 'ปวช.', 8),
('2022-10-11', 'มหาวิทยาลัยแม่โจ้', 84385491, '2019-12-05', 'ปวท.', 56),
('2023-01-30', 'มหาวิทยาลัยแม่โจ้', 85671673, '2019-02-24', 'ปวท.', 91),
('2022-12-26', 'มหาวิทยาลัยราชภัฏเลย', 86446633, '2019-04-09', 'ปวส.', 94),
('2022-08-01', 'มหาวิทยาลัยราชภัฏอุตรดิตถ์', 86488956, '2019-09-20', 'ปวช.', 60),
('2023-07-21', 'มหาวิทยาลัยราชภัฏร้อยเอ็ด', 87937941, '2018-02-14', 'ปวช.', 66),
('2022-10-02', 'มหาวิทยาลัยรังสิต', 88068496, '2018-09-24', 'ปวช.', 77),
('2022-01-06', 'มหาวิทยาลัยขอนแก่น', 89409628, '2018-03-08', 'ปวช.', 59),
('2023-03-09', 'มหาวิทยาลัยแม่ฟ้าหลวง', 89675766, '2018-07-28', 'ปวช.', 61),
('2023-08-29', 'มหาวิทยาลัยเกษตรศาสตร์', 89757356, '2019-02-23', 'ปวช.', 95),
('2021-06-03', 'มหาวิทยาลัยศิลปากร', 90678901, '2018-06-03', 'ปวช.', 9),
('2023-03-09', 'มหาวิทยาลัยแม่โจ้', 94340161, '2018-04-12', 'ปวช.', 98),
('2022-02-07', 'มหาวิทยาลัยราชภัฏเลย', 96390087, '2019-04-06', 'ปวช.', 70),
('2023-06-17', 'มหาวิทยาลัยมหิดล', 96916877, '2019-11-14', 'ปวส.', 88),
('2023-01-20', 'มหาวิทยาลัยราชภัฏมหาสารคาม', 97049217, '2018-12-19', 'ปวส.', 92),
('2022-09-16', 'มหาวิทยาลัยศรีปทุม ', 97152829, '2018-02-06', 'ปวช.', 54);

-- --------------------------------------------------------

--
-- Table structure for table `documents`
--

CREATE TABLE `documents` (
  `Doc_Flies` blob NOT NULL,
  `Doc_ID` int(1) NOT NULL,
  `Applicants_ID` int(3) NOT NULL
) ENGINE=InnoDB DEFAULT CHARSET=utf8mb4 COLLATE=utf8mb4_general_ci;

--
-- Dumping data for table `documents`
--

INSERT INTO `documents` (`Doc_Flies`, `Doc_ID`, `Applicants_ID`) VALUES
(0x50696374757265, 1, 1),
(0x50696374757265, 1, 2),
(0x50696374757265, 1, 3),
(0x50696374757265, 1, 4),
(0x50696374757265, 1, 5),
(0x50696374757265, 1, 6),
(0x50696374757265, 1, 7),
(0x50696374757265, 1, 8),
(0x50696374757265, 1, 9),
(0x50696374757265, 1, 10),
(0x50696374757265, 1, 11),
(0x50696374757265, 1, 12),
(0x50696374757265, 1, 15),
(0x50696374757265, 1, 16),
(0x50696374757265, 1, 17),
(0x50696374757265, 1, 19),
(0x50696374757265, 1, 20),
(0x50696374757265, 1, 22),
(0x50696374757265, 1, 23),
(0x50696374757265, 1, 24),
(0x50696374757265, 1, 25),
(0x50696374757265, 1, 26),
(0x50696374757265, 1, 27),
(0x50696374757265, 1, 28),
(0x50696374757265, 1, 29),
(0x50696374757265, 1, 30),
(0x50696374757265, 1, 31),
(0x50696374757265, 1, 32),
(0x50696374757265, 1, 33),
(0x50696374757265, 1, 34),
(0x50696374757265, 1, 35),
(0x50696374757265, 1, 36),
(0x50696374757265, 1, 37),
(0x50696374757265, 1, 39),
(0x50696374757265, 1, 41),
(0x50696374757265, 1, 42),
(0x50696374757265, 1, 43),
(0x50696374757265, 1, 44),
(0x50696374757265, 1, 47),
(0x50696374757265, 1, 48),
(0x50696374757265, 1, 49),
(0x50696374757265, 1, 50),
(0x50696374757265, 1, 51),
(0x50696374757265, 1, 52),
(0x50696374757265, 1, 53),
(0x50696374757265, 1, 54),
(0x50696374757265, 1, 55),
(0x50696374757265, 1, 56),
(0x50696374757265, 1, 57),
(0x50696374757265, 1, 58),
(0x50696374757265, 1, 59),
(0x50696374757265, 1, 61),
(0x50696374757265, 1, 62),
(0x50696374757265, 1, 63),
(0x50696374757265, 1, 64),
(0x50696374757265, 1, 65),
(0x50696374757265, 1, 66),
(0x50696374757265, 1, 67),
(0x50696374757265, 1, 68),
(0x50696374757265, 1, 69),
(0x50696374757265, 1, 70),
(0x50696374757265, 1, 71),
(0x50696374757265, 1, 72),
(0x50696374757265, 1, 73),
(0x50696374757265, 1, 74),
(0x50696374757265, 1, 75),
(0x50696374757265, 1, 76),
(0x50696374757265, 1, 77),
(0x50696374757265, 1, 78),
(0x50696374757265, 1, 79),
(0x50696374757265, 1, 80),
(0x50696374757265, 1, 81),
(0x50696374757265, 1, 82),
(0x50696374757265, 1, 83),
(0x50696374757265, 1, 84),
(0x50696374757265, 1, 85),
(0x50696374757265, 1, 86),
(0x50696374757265, 1, 87),
(0x50696374757265, 1, 88),
(0x50696374757265, 1, 89),
(0x50696374757265, 1, 90),
(0x50696374757265, 1, 91),
(0x50696374757265, 1, 92),
(0x50696374757265, 1, 93),
(0x50696374757265, 1, 94),
(0x50696374757265, 1, 95),
(0x50696374757265, 1, 96),
(0x50696374757265, 1, 97),
(0x50696374757265, 1, 98),
(0x50696374757265, 1, 99),
(0x50696374757265, 2, 1),
(0x50696374757265, 2, 2),
(0x50696374757265, 2, 3),
(0x50696374757265, 2, 4),
(0x50696374757265, 2, 5),
(0x50696374757265, 2, 6),
(0x50696374757265, 2, 7),
(0x50696374757265, 2, 8),
(0x50696374757265, 2, 9),
(0x50696374757265, 2, 10),
(0x50696374757265, 2, 11),
(0x50696374757265, 2, 12),
(0x50696374757265, 2, 13),
(0x50696374757265, 2, 14),
(0x50696374757265, 2, 18),
(0x50696374757265, 2, 20),
(0x50696374757265, 2, 21),
(0x50696374757265, 2, 22),
(0x50696374757265, 2, 23),
(0x50696374757265, 2, 24),
(0x50696374757265, 2, 25),
(0x50696374757265, 2, 26),
(0x50696374757265, 2, 27),
(0x50696374757265, 2, 28),
(0x50696374757265, 2, 29),
(0x50696374757265, 2, 30),
(0x50696374757265, 2, 31),
(0x50696374757265, 2, 32),
(0x50696374757265, 2, 33),
(0x50696374757265, 2, 34),
(0x50696374757265, 2, 35),
(0x50696374757265, 2, 36),
(0x50696374757265, 2, 37),
(0x50696374757265, 2, 38),
(0x50696374757265, 2, 39),
(0x50696374757265, 2, 40),
(0x50696374757265, 2, 41),
(0x50696374757265, 2, 42),
(0x50696374757265, 2, 43),
(0x50696374757265, 2, 44),
(0x50696374757265, 2, 45),
(0x50696374757265, 2, 46),
(0x50696374757265, 2, 47),
(0x50696374757265, 2, 53),
(0x50696374757265, 2, 54),
(0x50696374757265, 2, 55),
(0x50696374757265, 2, 56),
(0x50696374757265, 2, 57),
(0x50696374757265, 2, 58),
(0x50696374757265, 2, 59),
(0x50696374757265, 2, 60),
(0x50696374757265, 2, 61),
(0x50696374757265, 2, 62),
(0x50696374757265, 2, 63),
(0x50696374757265, 2, 64),
(0x50696374757265, 2, 65),
(0x50696374757265, 2, 66),
(0x50696374757265, 2, 67),
(0x50696374757265, 2, 68),
(0x50696374757265, 2, 69),
(0x50696374757265, 2, 70),
(0x50696374757265, 2, 71),
(0x50696374757265, 2, 72),
(0x50696374757265, 2, 73),
(0x50696374757265, 2, 74),
(0x50696374757265, 2, 75),
(0x50696374757265, 2, 76),
(0x50696374757265, 2, 77),
(0x50696374757265, 2, 78),
(0x50696374757265, 2, 79),
(0x50696374757265, 2, 80),
(0x50696374757265, 2, 81),
(0x50696374757265, 2, 82),
(0x50696374757265, 2, 83),
(0x50696374757265, 2, 84),
(0x50696374757265, 2, 85),
(0x50696374757265, 2, 86),
(0x50696374757265, 2, 87),
(0x50696374757265, 2, 88),
(0x50696374757265, 2, 93),
(0x50696374757265, 2, 96),
(0x50696374757265, 2, 97),
(0x50696374757265, 2, 98),
(0x50696374757265, 2, 99),
(0x50696374757265, 2, 100);

-- --------------------------------------------------------

--
-- Table structure for table `documents_info`
--

CREATE TABLE `documents_info` (
  `Doc_ID` int(1) NOT NULL,
  `Doc_Name` varchar(50) NOT NULL
) ENGINE=InnoDB DEFAULT CHARSET=utf8mb4 COLLATE=utf8mb4_general_ci;

--
-- Dumping data for table `documents_info`
--

INSERT INTO `documents_info` (`Doc_ID`, `Doc_Name`) VALUES
(1, 'สำเนาบัตรประจำตัวประชาชน'),
(2, 'สำเนาทะเบียนบ้าน');

-- --------------------------------------------------------

--
-- Table structure for table `education`
--

CREATE TABLE `education` (
  `Edu_Name` varchar(100) NOT NULL,
  `Major` varchar(100) NOT NULL,
  `Graduation_Date` date NOT NULL,
  `GPA` float NOT NULL,
  `Edu_Level` varchar(50) NOT NULL,
  `Applicants_ID` int(3) NOT NULL
) ENGINE=InnoDB DEFAULT CHARSET=utf8mb4 COLLATE=utf8mb4_general_ci;

--
-- Dumping data for table `education`
--

INSERT INTO `education` (`Edu_Name`, `Major`, `Graduation_Date`, `GPA`, `Edu_Level`, `Applicants_ID`) VALUES
('มหาวิทยาลัยขอนแก่น', 'การออกแบบสถาปัตยกรรม', '2017-05-04', 2.75, 'ปริญญาตรี', 8),
('มหาวิทยาลัยขอนแก่น', 'วิศวกรรมโยธา', '2020-04-24', 3.52, 'ปริญญาโท', 15),
('มหาวิทยาลัยขอนแก่น', 'การเรียนรู้เชิงลึก', '2018-04-24', 3.15, 'ปริญญาโท', 37),
('มหาวิทยาลัยขอนแก่น', 'การเมืองการปกครอง', '2019-04-23', 3.6, 'ปริญญาตรี', 50),
('มหาวิทยาลัยขอนแก่น', 'การแปลและตัดต่อ', '2014-10-24', 4, 'ปริญญาโท', 57),
('มหาวิทยาลัยขอนแก่น', 'การเงินทุน', '2013-03-06', 3.57, 'ปริญญาตรี', 64),
('มหาวิทยาลัยขอนแก่น', 'วิศวกรรมอุตสาหการ', '2013-08-02', 3.44, 'ปริญญาโท', 89),
('มหาวิทยาลัยธรรมศาสตร์', 'วิทยาการคอมพิวเตอร์ประยุกต์', '2018-04-25', 2.75, 'ปริญญาตรี', 32),
('มหาวิทยาลัยธรรมศาสตร์', 'วิศวกรรมอุตสาหการ', '2018-04-24', 3.05, 'ปริญญาโท', 46),
('มหาวิทยาลัยธรรมศาสตร์', 'การเงินและการลงทุน', '2013-11-29', 3.01, 'ปริญญาตรี', 84),
('มหาวิทยาลัยธรรมศาสตร์', 'วิทยาการจัดการ', '2013-07-17', 3.01, 'ปริญญาเอก', 98),
('มหาวิทยาลัยนเรศวร', 'การเงินและการลงทุน', '2016-04-22', 3.15, 'ปริญญาตรี', 13),
('มหาวิทยาลัยนเรศวร', 'วิศวกรรมไฟฟ้า', '2014-10-30', 3.34, 'ปริญญาตรี', 62),
('มหาวิทยาลัยมหาสารคาม', 'วิศวกรรมโยธา', '2016-04-25', 3.3, 'ปริญญาตรี', 20),
('มหาวิทยาลัยมหาสารคาม', 'วิทยาการคอมพิวเตอร์', '2014-12-10', 3.62, 'ปริญญาตรี', 69),
('มหาวิทยาลัยมหิดล', 'บริหารธุรกิจระหว่างประเทศ', '2021-04-30', 3.85, 'ปริญญาตรี', 5),
('มหาวิทยาลัยมหิดล', 'วิศวกรรมคอมพิวเตอร์', '2020-04-30', 3.69, 'ปริญญาโท', 28),
('มหาวิทยาลัยมหิดล', 'การเขียนโปรแกรม', '2018-04-26', 3.6, 'ปริญญาตรี', 34),
('มหาวิทยาลัยมหิดล', 'การพัฒนาโปรแกรมคอมพิวเตอร์', '2019-04-24', 3.35, 'ปริญญาโท', 48),
('มหาวิทยาลัยมหิดล', 'การเรียนรู้เชิงลึก', '2014-11-18', 3.22, 'ปริญญาโท', 54),
('มหาวิทยาลัยมหิดล', 'การวิเคราะห์ข้อมูลทางเศรษฐศาสตร์', '2013-07-20', 3.27, 'ปริญญาโท', 77),
('มหาวิทยาลัยมหิดล', 'การเงินและการลงทุน', '2013-04-10', 3.29, 'ปริญญาโท', 80),
('มหาวิทยาลัยมหิดล', 'วิศวกรรมโยธา', '2013-05-30', 3.54, 'ปริญญาตรี', 86),
('มหาวิทยาลัยมหิดล', 'การตลาดออนไลน์', '2014-02-21', 3.54, 'ปริญญาโท', 100),
('มหาวิทยาลัยรังสิต', 'วิศวกรรมไฟฟ้า', '2020-04-29', 3.2, 'ปริญญาตรี', 4),
('มหาวิทยาลัยรังสิต', 'การสื่อสารมวลชนดิจิทัล', '2018-04-25', 3.95, 'ปริญญาตรี', 33),
('มหาวิทยาลัยรังสิต', 'การเงินทุน', '2018-04-24', 2.8, 'ปริญญาโท', 47),
('มหาวิทยาลัยรังสิต', 'การประกันคุณภาพ', '2013-06-13', 3.01, 'ปริญญาโท', 53),
('มหาวิทยาลัยรังสิต', 'การเมืองการปกครอง', '2013-01-10', 3.22, 'ปริญญาตรี', 85),
('มหาวิทยาลัยรังสิต', 'วิศวกรรมคอมพิวเตอร์', '2014-01-06', 3.22, 'ปริญญาโท', 99),
('มหาวิทยาลัยราชภัฏนครปฐม', 'บริหารธุรกิจระหว่างประเทศ', '2017-05-01', 3.1, 'ปริญญาตรี', 7),
('มหาวิทยาลัยราชภัฏนครปฐม', 'การประกันคุณภาพ', '2020-04-24', 3.8, 'ปริญญาโท', 36),
('มหาวิทยาลัยราชภัฏนครปฐม', 'การนำเสนอข้อมูล', '2014-06-17', 3.99, 'ปริญญาโท', 56),
('มหาวิทยาลัยราชภัฏนครปฐม', 'วิศวกรรมอุตสาหการ', '2013-06-15', 4, 'ปริญญาโท', 88),
('มหาวิทยาลัยราชภัฏมหาสารคาม', 'วิศวกรรมโยธา', '2019-04-28', 3.35, 'ปริญญาโท', 24),
('มหาวิทยาลัยราชภัฏมหาสารคาม', 'การตลาดออนไลน์', '2019-04-30', 3.85, 'ปริญญาตรี', 29),
('มหาวิทยาลัยราชภัฏมหาสารคาม', 'บริหารธุรกิจ', '2017-04-23', 3, 'ปริญญาโท', 42),
('มหาวิทยาลัยราชภัฏมหาสารคาม', 'บริหารธุรกิจระหว่างประเทศ', '2013-10-30', 3.99, 'ปริญญาตรี', 73),
('มหาวิทยาลัยราชภัฏมหาสารคาม', 'การแพทย์ฉุกเฉิน', '2014-09-07', 3.16, 'ปริญญาโท', 78),
('มหาวิทยาลัยราชภัฏมหาสารคาม', 'การเมืองการปกครอง', '2014-09-09', 3.57, 'ปริญญาตรี', 81),
('มหาวิทยาลัยราชภัฏมหาสารคาม', 'วิศวกรรมเครื่องกล', '2013-05-22', 3.29, 'ปริญญาโท', 94),
('มหาวิทยาลัยราชภัฏร้อยเอ็ด', 'วิศวกรรมไฟฟ้า', '2017-04-26', 3.05, 'ปริญญาโท', 22),
('มหาวิทยาลัยราชภัฏร้อยเอ็ด', 'วิศวกรรมไฟฟ้า', '2013-12-20', 3.22, 'ปริญญาโท', 71),
('มหาวิทยาลัยราชภัฏสกลนคร', 'การพัฒนาโปรแกรมคอมพิวเตอร์', '2017-04-25', 3.9, 'ปริญญาตรี', 21),
('มหาวิทยาลัยราชภัฏสกลนคร', 'วิทยาการคอมพิวเตอร์', '2014-03-10', 3.01, 'ปริญญาตรี', 70),
('มหาวิทยาลัยราชภัฏอุดรธานี', 'การเมืองการปกครอง', '2020-04-23', 2.9, 'ปริญญาตรี', 14),
('มหาวิทยาลัยราชภัฏอุดรธานี', 'วิศวกรรมคอมพิวเตอร์', '2019-04-28', 3.45, 'ปริญญาโท', 25),
('มหาวิทยาลัยราชภัฏอุดรธานี', 'วิศวกรรมคอมพิวเตอร์', '2015-04-24', 3.75, 'ปริญญาตรี', 43),
('มหาวิทยาลัยราชภัฏอุดรธานี', 'วิศวกรรมอุตสาหการ', '2014-08-14', 3.29, 'ปริญญาตรี', 63),
('มหาวิทยาลัยราชภัฏอุดรธานี', 'บริหารธุรกิจระหว่างประเทศ', '2014-11-02', 4, 'ปริญญาโท', 74),
('มหาวิทยาลัยราชภัฏอุดรธานี', 'วิศวกรรมโยธา', '2014-09-11', 3.57, 'ปริญญาตรี', 95),
('มหาวิทยาลัยราชภัฏอุตรดิตถ์', 'วิศวกรรมไฟฟ้า', '2019-04-25', 3.4, 'ปริญญาตรี', 16),
('มหาวิทยาลัยราชภัฏอุตรดิตถ์', 'วิทยาการจัดการ', '2020-04-30', 3.7, 'ปริญญาตรี', 27),
('มหาวิทยาลัยราชภัฏอุตรดิตถ์', 'การพัฒนาโปรแกรมคอมพิวเตอร์', '2014-03-16', 3.74, 'ปริญญาตรี', 65),
('มหาวิทยาลัยราชภัฏอุตรดิตถ์', 'การวิจัยทางการเงิน', '2014-07-29', 3.26, 'ปริญญาโท', 76),
('มหาวิทยาลัยราชภัฏเชียงใหม่', 'วิศวกรรมเครื่องกล', '2016-04-24', 3.75, 'ปริญญาโท', 19),
('มหาวิทยาลัยราชภัฏเชียงใหม่', 'บริหารธุรกิจ', '2013-12-23', 3.93, 'ปริญญาโท', 68),
('มหาวิทยาลัยราชภัฏเลย', 'การจัดการโครงการ', '2020-04-29', 2.98, 'ปริญญาโท', 26),
('มหาวิทยาลัยราชภัฏเลย', 'วิศวกรรมเครื่องกล', '2015-04-22', 3.3, 'ปริญญาตรี', 44),
('มหาวิทยาลัยราชภัฏเลย', 'การออกแบบสถาปัตยกรรม', '2013-07-15', 3.44, 'ปริญญาโท', 75),
('มหาวิทยาลัยราชภัฏเลย', 'วิศวกรรมคอมพิวเตอร์', '2013-04-29', 3.74, 'ปริญญาตรี', 96),
('มหาวิทยาลัยศรีนครินทรวิโรฒ', 'บริหารธุรกิจระหว่างประเทศ', '2021-04-22', 3.5, 'ปริญญาตรี', 6),
('มหาวิทยาลัยศรีนครินทรวิโรฒ', 'การวิเคราะห์ข้อมูล', '2020-04-26', 3.25, 'ปริญญาตรี', 35),
('มหาวิทยาลัยศรีนครินทรวิโรฒ', 'การบำรุงรักษา', '2013-11-11', 3.54, 'ปริญญาโท', 55),
('มหาวิทยาลัยศรีนครินทรวิโรฒ', 'วิศวกรรมไฟฟ้า', '2014-04-22', 3.99, 'ปริญญาตรี', 87),
('มหาวิทยาลัยศรีปทุม', 'การวิเคราะห์ข้อมูลทางเศรษฐศาสตร์', '2018-05-01', 3.6, 'ปริญญาตรี', 10),
('มหาวิทยาลัยศรีปทุม', 'การนำเสนอข้อมูล', '2018-04-23', 3.65, 'ปริญญาตรี', 39),
('มหาวิทยาลัยศรีปทุม', 'บริหารธุรกิจ', '2013-07-23', 3.26, 'ปริญญาโท', 59),
('มหาวิทยาลัยศรีปทุม', 'วิศวกรรมโยธา', '2013-01-04', 3.27, 'ปริญญาตรี', 91),
('มหาวิทยาลัยศิลปากร', 'การวิจัยทางการเงิน', '2018-05-03', 3.95, 'ปริญญาตรี', 9),
('มหาวิทยาลัยศิลปากร', 'การบำรุงรักษา', '2018-04-23', 2.9, 'ปริญญาตรี', 38),
('มหาวิทยาลัยศิลปากร', 'การสื่อสารวิทยาศาสตร์', '2014-03-27', 3.44, 'ปริญญาตรี', 58),
('มหาวิทยาลัยศิลปากร', 'วิศวกรรมเครื่องกล', '2014-11-01', 3.26, 'ปริญญาตรี', 90),
('มหาวิทยาลัยเกษตรศาสตร์', 'วิทยาการคอมพิวเตอร์', '2019-04-26', 2.98, 'ปริญญาตรี', 2),
('มหาวิทยาลัยเกษตรศาสตร์', 'วิทยาการคอมพิวเตอร์', '2020-04-29', 3.96, 'ปริญญาตรี', 3),
('มหาวิทยาลัยเกษตรศาสตร์', 'การวิจัยและพัฒนา', '2019-04-23', 3.1, 'ปริญญาตรี', 31),
('มหาวิทยาลัยเกษตรศาสตร์', 'วิศวกรรมไฟฟ้า', '2015-04-22', 3.9, 'ปริญญาตรี', 45),
('มหาวิทยาลัยเกษตรศาสตร์', 'การเขียนโปรแกรม', '2013-08-15', 3.33, 'ปริญญาตรี', 51),
('มหาวิทยาลัยเกษตรศาสตร์', 'การวิเคราะห์ข้อมูล', '2013-11-23', 3.21, 'ปริญญาตรี', 52),
('มหาวิทยาลัยเกษตรศาสตร์', 'การเขียนโปรแกรมป้องกัน', '2014-02-16', 3.34, 'ปริญญาตรี', 79),
('มหาวิทยาลัยเกษตรศาสตร์', 'วิศวกรรมไฟฟ้า', '2014-11-25', 3.41, 'ปริญญาตรี', 83),
('มหาวิทยาลัยเกษตรศาสตร์', 'การจัดการโครงการ', '2014-04-08', 3.41, 'ปริญญาตรี', 97),
('มหาวิทยาลัยเชียงใหม่', 'บริหารธุรกิจ', '2019-04-23', 3.45, 'ปริญญาตรี', 1),
('มหาวิทยาลัยเชียงใหม่', 'การพัฒนาเว็บไซต์', '2019-04-22', 3.5, 'ปริญญาโท', 30),
('มหาวิทยาลัยเชียงใหม่', 'บริหารธุรกิจระหว่างประเทศ', '2019-04-23', 3.45, 'ปริญญาตรี', 49),
('มหาวิทยาลัยเชียงใหม่', 'วิศวกรรมโยธา', '2014-07-03', 3.74, 'ปริญญาโท', 82),
('มหาวิทยาลัยแม่ฟ้าหลวง', 'การแพทย์ฉุกเฉิน', '2016-04-20', 3.25, 'ปริญญาตรี', 11),
('มหาวิทยาลัยแม่ฟ้าหลวง', 'วิศวกรรมอุตสาหการ', '2019-04-26', 3.55, 'ปริญญาตรี', 17),
('มหาวิทยาลัยแม่ฟ้าหลวง', 'วิศวกรรมเครื่องกล', '2019-04-29', 3.64, 'ปริญญาโท', 23),
('มหาวิทยาลัยแม่ฟ้าหลวง', 'การแปลและตัดต่อ', '2017-04-24', 3.4, 'ปริญญาโท', 40),
('มหาวิทยาลัยแม่ฟ้าหลวง', 'วิศวกรรมคอมพิวเตอร์', '2013-09-18', 3.27, 'ปริญญาตรี', 60),
('มหาวิทยาลัยแม่ฟ้าหลวง', 'บริหารธุรกิจระหว่างประเทศ', '2013-09-21', 3.41, 'ปริญญาตรี', 66),
('มหาวิทยาลัยแม่ฟ้าหลวง', 'บริหารธุรกิจระหว่างประเทศ', '2014-01-14', 3.54, 'ปริญญาตรี', 72),
('มหาวิทยาลัยแม่ฟ้าหลวง', 'การพัฒนาโปรแกรมคอมพิวเตอร์', '2013-04-03', 3.16, 'ปริญญาโท', 92),
('มหาวิทยาลัยแม่โจ้', 'การเขียนโปรแกรมป้องกัน', '2016-04-20', 3.8, 'ปริญญาตรี', 12),
('มหาวิทยาลัยแม่โจ้', 'วิศวกรรมอุตสาหการ', '2019-04-24', 3, 'ปริญญาตรี', 18),
('มหาวิทยาลัยแม่โจ้', 'การสื่อสารวิทยาศาสตร์', '2017-04-23', 3.55, 'ปริญญาโท', 41),
('มหาวิทยาลัยแม่โจ้', 'วิศวกรรมเครื่องกล', '2013-02-05', 3.16, 'ปริญญาโท', 61),
('มหาวิทยาลัยแม่โจ้', 'การเมืองการปกครอง', '2014-07-09', 3.81, 'ปริญญาโท', 67),
('มหาวิทยาลัยแม่โจ้', 'วิศวกรรมไฟฟ้า', '2014-12-09', 3.34, 'ปริญญาโท', 93);

-- --------------------------------------------------------

--
-- Table structure for table `employee_history`
--

CREATE TABLE `employee_history` (
  `Employee_ID` int(4) NOT NULL,
  `Position` varchar(100) NOT NULL,
  `Salary` int(10) NOT NULL,
  `Resign_Date` date NOT NULL,
  `Start_Date` date NOT NULL,
  `Applicants_ID` int(3) NOT NULL
) ENGINE=InnoDB DEFAULT CHARSET=utf8mb4 COLLATE=utf8mb4_general_ci;

--
-- Dumping data for table `employee_history`
--

INSERT INTO `employee_history` (`Employee_ID`, `Position`, `Salary`, `Resign_Date`, `Start_Date`, `Applicants_ID`) VALUES
(10, 'งานวิจัย', 18000, '2018-03-06', '2016-12-16', 62),
(41, 'ผู้จัดการ', 15000, '2017-04-26', '2016-08-26', 55),
(41, 'หุ้น', 15000, '2018-03-09', '2015-12-20', 61),
(63, 'การเงิน', 16000, '2018-12-16', '2016-05-12', 60),
(67, 'พนังงานขาย', 20000, '2018-12-15', '2016-04-02', 51),
(73, 'โฆษณา', 20000, '2018-12-26', '2016-11-11', 53),
(445, 'เลขขานุการ', 20000, '2017-08-08', '2016-05-27', 64),
(1837, 'การเงินและการบัญชี', 24000, '2019-11-12', '2018-03-06', 1),
(2403, 'ผู้อำนวยการทรัพยากรบุคคล', 45000, '2022-11-18', '2018-03-30', 7),
(2739, 'พนักงานฝ่ายการตลาดทางออนไลน์', 19000, '2019-08-23', '2018-04-08', 19),
(3295, 'ธุรกิจดิจิทัล', 18000, '2018-03-06', '2016-12-16', 97),
(3554, 'ประสานงาน', 15000, '2017-07-02', '2016-09-25', 52),
(4681, 'พนักงานฝ่ายการพัฒนาระบบ', 18500, '2020-09-28', '2018-04-20', 13),
(6320, 'พนักงานฝ่ายพัฒนาระบบ', 20000, '2020-06-29', '2018-03-07', 10),
(6791, 'ผู้อำนวยการการเงิน', 48000, '2023-12-14', '2018-05-06', 8),
(7295, 'พนักงานขาย', 15000, '2019-07-25', '2018-04-18', 2),
(8159, 'พนักงานการตลาด', 13000, '2019-07-07', '2018-03-17', 6),
(8524, 'บัญชี', 15000, '2018-06-23', '2016-07-24', 92),
(9148, 'พนักงานทรัพยากรบุคคล', 19000, '2019-06-03', '2018-02-19', 4);

-- --------------------------------------------------------

--
-- Table structure for table `family`
--

CREATE TABLE `family` (
  `Fam_ID` int(2) NOT NULL,
  `Fam_Member` varchar(1) NOT NULL,
  `Age` int(3) NOT NULL,
  `Province` varchar(100) NOT NULL,
  `Job` varchar(100) NOT NULL,
  `Status` int(1) NOT NULL,
  `Applicants_ID` int(3) NOT NULL
) ENGINE=InnoDB DEFAULT CHARSET=utf8mb4 COLLATE=utf8mb4_general_ci;

--
-- Dumping data for table `family`
--

INSERT INTO `family` (`Fam_ID`, `Fam_Member`, `Age`, `Province`, `Job`, `Status`, `Applicants_ID`) VALUES
(1, 'M', 56, 'นครราชสีมา', 'พนักงานบริษัท', 0, 1),
(2, 'D', 72, 'เชียงใหม่', 'ข้าราชการ', 0, 2),
(3, 'M', 63, 'กาญจนบุรี', 'ค้าขาย', 0, 3),
(4, 'M', 49, 'ตาก', 'ทันตแพทย์', 0, 4),
(5, 'D', 68, 'อุบลราชธานี', 'ค้าขาย', 0, 5),
(6, 'D', 41, 'สุราษฎ์ธานี', 'นักบัญชี', 0, 6),
(7, 'M', 78, 'ชัยภูมิ', 'ค้าขาย', 0, 7),
(8, 'M', 50, 'แม่ฮ่องสอน', 'ทนายความ', 0, 8),
(9, 'M', 60, 'เพชรบูรณ์', 'ครู', 0, 9),
(10, 'D', 45, 'ลำปาง', 'พยาบาล', 0, 10),
(11, 'D', 79, 'อุดรธานี', 'พนักงานธนาคาร', 0, 11),
(12, 'M', 55, 'เชียงราย', 'โปรแกรมเมอร์', 0, 12),
(13, 'M', 67, 'น่าน', 'อาจารย์มหาวิทยาลัย', 0, 13),
(14, 'M', 42, 'เลย', 'ผู้จัดการโรงแรม', 0, 14),
(15, 'D', 51, 'ขอนแก่น', 'วิทยากร', 0, 15),
(16, 'M', 73, 'พิษณุโลก', 'ค้าขาย', 0, 16),
(17, 'D', 59, 'บุรีรัมย์', 'นักจิตวิทยา', 0, 17),
(18, 'D', 74, 'นครศรีธรรมราช', 'วิศวกรไฟฟ้า', 0, 18),
(19, 'M', 65, 'สกลนคร', 'นักเขียน', 0, 19),
(20, 'M', 47, 'นครสวรรค์', 'ทันตแพทย์', 0, 20),
(21, 'D', 76, 'สุโขทัย', 'ค้าขาย', 0, 21),
(22, 'D', 52, 'แพร่', 'นักประวัติศาสตร์', 0, 22),
(23, 'D', 71, 'ประจวบคีรีขันธ์', 'ค้าขาย', 0, 23),
(24, 'M', 44, 'จันทบุรี', 'นักเทคโนโลยีการแพทย์', 0, 24),
(25, 'D', 48, 'พะเยา', 'พนักงานบริษัท', 0, 25),
(26, 'D', 62, 'เพชรบุรี', 'นักสังคมสงเคราะห์', 0, 26),
(27, 'M', 77, 'ลพบุรี', 'ผู้บริหาร', 0, 27),
(28, 'M', 70, 'ชุมพร', 'ค้าขาย', 0, 28),
(29, 'D', 64, 'นครพนม', 'ค้าขาย', 0, 29),
(30, 'M', 53, 'สุพรรณบุรี', 'พนักงานฝ่ายบุคคล', 0, 30),
(31, 'D', 66, 'ฉะเชิงเทรา', 'นักธุรกิจ', 0, 31),
(32, 'M', 43, 'มหาสารคาม', 'นักฟุตบอล', 0, 32),
(33, 'M', 75, 'ราชบุรี', 'ค้าขาย', 0, 33),
(34, 'D', 57, 'ตรัง', 'นักโบราณคดี', 0, 34),
(35, 'M', 69, 'ปราจีนบุรี', 'นักประสานงาน', 0, 35),
(36, 'D', 58, 'กระบี่', 'พนักงานขาย', 0, 36),
(37, 'D', 46, 'ชลบุรี', 'แพทย์', 0, 37),
(38, 'M', 80, 'พิจิตร', 'นักบริหารธุรกิจ', 0, 38),
(39, 'D', 61, 'ยะลา', 'แพทย์', 0, 39),
(40, 'D', 54, 'อำนาจเจริญ', 'นักพัฒนาเว็บไซต์', 0, 40),
(41, 'M', 40, 'หนองคาย', 'พนักงานบริษัท', 0, 41),
(42, 'M', 78, 'ตราด', 'นักสังคมสงเคราะห์', 0, 42),
(43, 'D', 47, 'พระนครศรีอยุธยา', 'พนักงานบริษัท', 0, 43),
(44, 'D', 68, 'สตูล', 'ค้าขาย', 0, 44),
(45, 'M', 41, 'ชัยนาท', 'นักจิตวิทยา', 0, 45),
(46, 'M', 50, 'นครปฐม', 'นักออกแบบ', 0, 46),
(47, 'D', 79, 'นครนายก', 'ค้าขาย', 0, 47),
(48, 'M', 55, 'ปัตตานี', 'นักวิทยาศาสตร์สิ่งแวดล้อม', 0, 48),
(49, 'D', 63, 'ปทุมธานี', 'ค้าขาย', 0, 49),
(50, 'M', 42, 'สมุทรปราการ', 'พนักงานสำรวจ', 0, 50),
(51, 'M', 59, 'กระบี่', 'แม่บ้าน', 0, 51),
(52, 'D', 54, 'เลย', 'ค้าขาย', 0, 52),
(53, 'M', 66, 'ลำปาง', 'ข้าราชการ', 0, 53),
(54, 'M', 54, 'บึงกาฬ', 'แม่บ้าน', 0, 54),
(55, 'M', 57, 'นครพนม', 'ข้าราชการ', 0, 55),
(56, 'D', 59, 'อ่างทอง', 'ข้าราชการ', 0, 56),
(57, 'M', 55, 'สกลนคร', 'ค้าขาย', 0, 57),
(58, 'D', 69, 'หนองคาย', 'วิศวกรโรงาน', 0, 58),
(59, 'M', 70, 'เลย', 'ข้าราชการ', 0, 59),
(60, 'D', 51, 'กรุงเทพ', 'วิทยากร', 0, 60),
(61, 'M', 54, 'น่าน', 'แม่บ้าน', 0, 61),
(62, 'M', 53, 'น่าน', 'ค้าขาย', 0, 62),
(63, 'D', 65, 'มหาสารคาม', 'พนักงานเอกชน', 0, 63),
(64, 'D', 80, 'นครพนม', 'แม่บ้าน', 0, 64),
(65, 'D', 81, 'ตาก', 'พนักงานรัฐ', 0, 65),
(66, 'M', 74, 'กระบี่', 'ข้าราชการ', 0, 66),
(67, 'D', 73, 'ลพบุรี่', 'แม่บ้าน', 0, 67),
(68, 'D', 79, 'ตรัง', 'ค้าขาย', 0, 68),
(69, 'M', 64, 'ตาก', 'รับจ้าง', 0, 69),
(70, 'M', 59, 'สกลนคร', 'แม่บ้าน', 0, 70),
(71, 'D', 55, 'มหาสารคาม', 'พนักงานเอกชน', 0, 71),
(72, 'M', 52, 'สกลนคร', 'รับจ้าง', 0, 72),
(73, 'D', 69, 'น่าน', 'ข้าราชการ', 0, 73),
(74, 'M', 82, 'ลพบุรี', 'พยาบาล', 0, 74),
(75, 'D', 59, 'พังงา', 'งานบัญชี', 0, 75),
(76, 'M', 54, 'หนองคาย', 'พนักงานรัฐ', 0, 76),
(77, 'M', 66, 'ชุมพร', 'ข้าราชการ', 0, 77),
(78, 'M', 54, 'พังงา', 'รับจ้าง', 0, 78),
(79, 'M', 57, 'สระบุรี', 'แม่บ้าน', 0, 79),
(80, 'M', 59, 'บึงกาฬ', 'ค้าขาย', 0, 80),
(81, 'M', 55, 'ลพบุรี', 'ครู', 0, 81),
(82, 'D', 69, 'มหาสารคาม', 'แม่บ้าน', 0, 82),
(83, 'D', 70, 'ชุมพร', 'ข้าราชการ', 0, 83),
(84, 'M', 70, 'กระบี่', 'รับจ้าง', 0, 84),
(85, 'M', 51, 'นครพนม', 'ค้าขาย', 0, 85),
(86, 'M', 54, 'น่าน', 'แพทย์', 0, 86),
(87, 'D', 53, 'สกลนคร', 'ข้าราชการ', 0, 87),
(88, 'D', 65, 'ตาก', 'ข้าราชการ', 0, 88),
(89, 'D', 80, 'เลย', 'ทนายความ', 0, 89),
(90, 'D', 81, 'มหาสารคาม', 'ค้าขาย', 0, 90),
(91, 'M', 74, 'ลำปาง', 'แม่บ้าน', 0, 91),
(92, 'D', 73, 'น่าน', 'ค้าขาย', 0, 92),
(93, 'D', 79, 'กรุงเทพ', 'ค้าขาย', 0, 93),
(94, 'D', 64, 'หนองคาย', 'แพทย์', 0, 94),
(95, 'D', 59, 'อ่างทอง', 'ข้าราชการ', 0, 95),
(96, 'M', 68, 'นครพนม', 'พยาบาล', 0, 96),
(97, 'M', 66, 'เลย', 'ครู', 0, 97),
(98, 'M', 62, 'บึงกาฬ', 'ค้าขาย', 0, 98),
(99, 'D', 70, 'ลำปาง', 'วิทยากร', 0, 99),
(100, 'M', 54, 'ตรัง', 'ครู', 0, 100);

-- --------------------------------------------------------

--
-- Table structure for table `job_history`
--

CREATE TABLE `job_history` (
  `Place` varchar(500) NOT NULL,
  `Position` varchar(100) NOT NULL,
  `Start_Date` date DEFAULT NULL,
  `End_Date` date DEFAULT NULL,
  `Salary` int(10) NOT NULL,
  `Resign_Reason` varchar(500) DEFAULT NULL,
  `Applicants_ID` int(3) NOT NULL
) ENGINE=InnoDB DEFAULT CHARSET=utf8mb4 COLLATE=utf8mb4_general_ci;

--
-- Dumping data for table `job_history`
--

INSERT INTO `job_history` (`Place`, `Position`, `Start_Date`, `End_Date`, `Salary`, `Resign_Reason`, `Applicants_ID`) VALUES
('บริษัท 123 จำกัด', 'วิศวกรโครงการ', '2016-02-25', '2016-05-25', 11800, 'มีโอกาสทำงานที่ดีกว่า', 3),
('บริษัท ABC Co.', 'ฝ่ายการเงิน', '2017-04-17', '2017-07-17', 12000, 'ต้องการเปลี่ยนงาน', 1),
('บริษัท Bell English', 'ธุรกิจดิจิทัล', '2018-06-21', '2019-06-10', 13000, 'ฝึกงานจบ', 54),
('บริษัท Bell English', 'การเงิน', '2018-12-21', '2019-11-02', 14000, 'ฝึกงานจบ', 63),
('บริษัท Bell English', 'การตลาด', '2018-11-19', '2019-12-03', 15000, 'ฝึกงานจบ', 77),
('บริษัท Bell English', 'โฆษณา', '2018-04-27', '2019-12-06', 13000, 'ฝึกงานจบ', 98),
('บริษัท EC English', 'ธุรกิจดิจิทัล', '2018-05-04', '2019-03-23', 12000, 'ฝึกงานจบ', 51),
('บริษัท EC English', 'ประชาสัมพันธ์', '2018-10-14', '2019-07-04', 12000, 'ฝึกงานจบ', 61),
('บริษัท EC English', 'บัญชี', '2018-01-26', '2019-07-20', 15000, 'ฝึกงานจบ', 75),
('บริษัท EC English', 'งานวิจัย', '2018-09-10', '2019-08-10', 15000, 'ฝึกงานจบ', 89),
('บริษัท EC English', 'เจ้าหน้าที่รักษาความปลอดภัย', '2018-07-20', '2019-08-17', 15000, 'ฝึกงานจบ', 95),
('บริษัท Global Education', 'บริหารงานบุคคล', '2011-11-19', '2019-05-26', 12000, 'ฝึกงานจบ', 55),
('บริษัท Global Education', 'ธุรกิจดิจิทัล', '2018-08-06', '2019-11-19', 13000, 'ฝึกงานจบ', 64),
('บริษัท Global Education', 'การเงิน', '2018-06-29', '2019-03-23', 14000, 'ฝึกงานจบ', 69),
('บริษัท Global Education', 'พนังงานขาย', '2018-08-27', '2019-11-13', 15000, 'ฝึกงานจบ', 78),
('บริษัท Global Education', 'ผู้บริหาร', '2018-07-28', '2019-04-19', 15000, 'ฝึกงานจบ', 83),
('บริษัท Global Education', 'ประสานงาน', '2018-10-27', '2019-05-23', 12000, 'ฝึกงานจบ', 94),
('บริษัท Global Education', 'การตลาดออนไลน์', '2018-11-16', '2019-07-02', 12000, 'ฝึกงานจบ', 99),
('บริษัท International', 'ฝ่ายการตลาด', '2018-08-26', '2019-04-17', 14000, 'ฝึกงานจบ', 53),
('บริษัท International', 'ประสานงาน', '2018-12-25', '2019-05-22', 14000, 'ฝึกงานจบ', 97),
('บริษัท Kaplan', 'การเงิน', '2018-12-24', '2019-04-19', 15000, 'ฝึกงานจบ', 56),
('บริษัท Kaplan', 'พัฒนาซอฟต์แวร์', '2018-04-14', '2019-12-31', 12000, 'ฝึกงานจบ', 65),
('บริษัท Kaplan', 'บริหารการเงินและบัญชี', '2018-01-26', '2019-06-29', 13000, 'ฝึกงานจบ', 70),
('บริษัท Kaplan', 'ประสานงาน', '2018-11-14', '2019-06-10', 14000, 'ฝึกงานจบ', 79),
('บริษัท Kaplan', 'พัฒนาองค์กร', '2018-03-13', '2019-06-11', 14000, 'ฝึกงานจบ', 84),
('บริษัท Kaplan', 'ผู้จัดการ', '2018-11-17', '2019-01-11', 15000, 'ฝึกงานจบ', 100),
('บริษัท Oxford', 'ควบคุมภายใน', '2018-05-16', '2019-07-15', 15000, 'ฝึกงานจบ', 58),
('บริษัท Oxford', 'ธุรกิจดิจิทัล', '2018-05-02', '2019-10-22', 12000, 'ฝึกงานจบ', 67),
('บริษัท Oxford', 'ตลาดและโฆษณา', '2018-08-15', '2019-04-21', 14000, 'ฝึกงานจบ', 72),
('บริษัท Oxford', 'การตลาดออนไลน์', '2018-07-23', '2019-06-23', 12000, 'ฝึกงานจบ', 81),
('บริษัท Oxford', 'สถิติ', '2018-08-09', '2019-03-31', 12000, 'ฝึกงานจบ', 86),
('บริษัท Oxford', 'ประชาสัมพันธ์', '2018-08-12', '2019-05-03', 12000, 'ฝึกงานจบ', 92),
('บริษัท Path', 'พัฒนาซอฟต์แวร์', '2018-11-26', '2019-09-28', 15000, 'ฝึกงานจบ', 52),
('บริษัท Path', 'บัญชี', '2018-07-08', '2019-04-18', 15000, 'ฝึกงานจบ', 62),
('บริษัท Path', 'การเงิน', '2018-04-19', '2019-12-14', 12000, 'ฝึกงานจบ', 76),
('บริษัท Path', 'กฎหมาย', '2018-06-10', '2019-05-09', 14000, 'ฝึกงานจบ', 90),
('บริษัท Path', 'แอดมิน', '2018-04-26', '2019-09-25', 15000, 'ฝึกงานจบ', 96),
('บริษัท Stafford', 'ตลาดและโฆษณา', '2018-11-19', '2019-12-26', 14000, 'ฝึกงานจบ', 59),
('บริษัท Stafford', 'บริหารงานบุคคล', '2018-05-18', '2019-07-28', 15000, 'ฝึกงานจบ', 68),
('บริษัท Stafford', 'พนักงานขาย', '2018-07-11', '2019-08-01', 13000, 'ฝึกงานจบ', 73),
('บริษัท Stafford', 'ผู้จัดการ', '2018-09-25', '2019-12-24', 15000, 'ฝึกงานจบ', 82),
('บริษัท Stafford', 'การเงิน', '2018-11-07', '2019-07-07', 15000, 'ฝึกงานจบ', 87),
('บริษัท Stafford', 'คีย์ข้อมูล', '2018-10-23', '2019-01-03', 15000, 'ฝึกงานจบ', 93),
('บริษัท Studies International', 'บริหารการเงินและบัญชี', '2018-05-29', '2019-10-26', 12000, 'ฝึกงานจบ', 57),
('บริษัท Studies International', 'ฝ่ายการตลาด', '2018-08-24', '2019-07-08', 15000, 'ฝึกงานจบ', 66),
('บริษัท Studies International', 'ควบคุมภายใน', '2018-12-08', '2019-11-09', 15000, 'ฝึกงานจบ', 71),
('บริษัท Studies International', 'โฆษณา', '2018-05-09', '2019-04-14', 13000, 'ฝึกงานจบ', 80),
('บริษัท Studies International', 'บัญชี', '2018-05-16', '2019-03-26', 13000, 'ฝึกงานจบ', 85),
('บริษัท Studies International', 'เลขขานุการ', '2018-05-04', '2019-09-15', 13000, 'ฝึกงานจบ', 91),
('บริษัท Wimbledon', 'พนักงานขาย', '2018-03-13', '2019-10-30', 13000, 'ฝึกงานจบ', 60),
('บริษัท Wimbledon', 'ประชาสัมพันธ์', '2018-10-17', '2019-11-14', 12000, 'ฝึกงานจบ', 74),
('บริษัท Wimbledon', 'หุ้น', '2018-02-14', '2019-12-07', 12000, 'ฝึกงานจบ', 88),
('บริษัท XYZ Corporation', 'รฝ่ายการตลาด', '2019-09-08', '2019-12-08', 10500, 'ต้องการกลับไปเรียนต่อ', 2),
('บริษัท กลุ่มทรัพยากรมนุษย์', 'บริการลูกค้า', '2019-09-19', '2020-01-16', 12400, 'ต้องการเปลี่ยนงาน', 18),
('บริษัท กลุ่มบริหารการจัดการ', 'ผู้จัดหาโครงการสื่อสารสุขภาพ', '2018-02-07', '2018-05-23', 12600, 'ต้องการเปลี่ยนที่อยู่อาศัย', 21),
('บริษัท กิจการเจริญสุข', 'พนักงานบัญชี', '2018-11-12', '2019-02-12', 11200, 'มีเหตุผลส่วนตัว', 4),
('บริษัท คอมพิวเตอร์แอนด์เน็ตเวิร์ค', 'โปรแกรมเมอร์', '2015-04-05', '2015-07-12', 10400, 'มีเหตุผลส่วนตัว', 13),
('บริษัท ธนาคารส่วนบุคคล', 'ฝ่ายการตลาดออนไลน์', '2018-06-14', '2018-09-11', 12700, 'มีเหตุผลส่วนตัว', 24),
('บริษัท ธุรกิจเฉลิมพระเกียรติ', 'พนักงานบัญชี', '2020-06-03', '2020-09-03', 10700, 'มีเหตุผลส่วนตัว', 5),
('บริษัท บรรจุภัณฑ์อาหาร', 'พนักงานการเงินและการบัญชี', '2017-11-17', '2018-02-08', 11700, 'ต้องการกลับไปเรียนต่อ', 14),
('บริษัท ประกันภัยแห่งชาติ', 'นักเทคโนโลยีสารสนเทศ', '2016-03-15', '2016-06-10', 10600, 'มีโอกาสทำงานที่ดีกว่า', 19),
('บริษัท พาณิชย์ออนไลน์', 'พนักงานฝ่ายสื่อสารองค์กร', '2015-12-03', '2016-03-21', 11400, 'มีเหตุผลส่วนตัว', 17),
('บริษัท มหาวิทยาลัยกรุงเทพ', 'ฝ่ายตรวจสอบภายใน', '2016-08-10', '2016-11-17', 12300, 'มีเหตุผลส่วนตัว', 12),
('บริษัท วิจัยและพัฒนาไอที', 'นักวิเคราะห์ธุรกิจ', '2015-07-28', '2015-10-03', 10800, 'ต้องการพักผ่อนหรือมีเวลาส่วนตัวมากขึ้น', 16),
('บริษัท ศูนย์การค้า', 'พนักงานสนับสนุนด้านเทคนิค', '2016-04-08', '2016-07-27', 11100, 'มีเหตุผลส่วนตัว', 26),
('บริษัท สต็อกหุ้น', 'ผู้จัดหาโครงการท่องเที่ยว', '2018-10-09', '2019-01-05', 12100, 'มีเหตุผลส่วนตัว', 15),
('บริษัท สถานศึกษา', 'นักพัฒนาซอฟต์แวร์มืออาชีพ', '2016-06-20', '2016-09-07', 10500, 'ต้องการพักผ่อนหรือมีเวลาส่วนตัวมากขึ้น', 31),
('บริษัท สหกรณ์ผลิตภัณฑ์เกษตร', 'ฝ่ายการขาย', '2015-10-02', '2016-01-02', 12200, 'มีปัญหาในการร่วมงานกับเพื่อนร่วมงาน', 10),
('บริษัท สหพันธ์เกษตรกร', 'ฝ่ายการตลาด', '2016-12-28', '2017-03-28', 11000, 'มีเหตุผลส่วนตัว', 8),
('บริษัท สำนักงานตำรวจ', 'ผู้จัดการโครงการวิจัย', '2015-03-27', '2015-06-22', 12800, 'ต้องการพักผ่อนหรือมีเวลาส่วนตัวมากขึ้น', 27),
('บริษัท สำนักงานทนายความ', 'พนักงานฝ่ายตรวจสอบคุณภาพ', '2015-01-12', '2015-04-03', 11300, 'ต้องการกลับไปเรียนต่อ', 32),
('บริษัท สำนักงานทะเบียน', 'ฝ่ายการตลาดทางโทรศัพท์', '2018-03-06', '2018-06-30', 12300, 'มีเหตุผลส่วนตัว', 33),
('บริษัท สำนักงานบัญชี', 'นักวิเคราะห์องค์การ', '2015-09-12', '2015-12-18', 11100, 'มีปัญหาในการร่วมงานกับเพื่อนร่วมงาน', 22),
('บริษัท สำนักงานรับรองการบัญชี', 'นักวิเคราะห์สินเชื่อ', '2019-02-01', '2019-05-26', 10600, 'ต้องการกลับไปเรียนต่อ', 34),
('บริษัท สำนักงานสำนักงานท่องเที่ยว', 'นักพัฒนาซอฟต์แวร์เว็บ', '2017-07-21', '2017-10-04', 10700, 'มีปัญหาในการร่วมงานกับเพื่อนร่วมงาน', 40),
('บริษัท สำนักงานสินเชื่อ', 'พนักงานฝ่ายทรัพยากรมนุษย์', '2019-09-08', '2019-12-10', 11400, 'มีเหตุผลส่วนตัว', 38),
('บริษัท สำนักงานส่งเสริมการท่องเที่ยว', 'พนักงานฝ่ายสรรหาบุคคล', '2016-04-29', '2016-07-18', 12500, 'ต้องการเปลี่ยนงาน', 36),
('บริษัท สำนักงานส่งเสริมการส่งออก', 'ผู้ช่วยผู้จัดการทรัพยากรมนุษย์', '2018-08-24', '2018-11-06', 12200, 'ต้องการเปลี่ยนที่อยู่อาศัย', 39),
('บริษัท สำนักงานโรงงาน', 'นักจัดการฝ่ายการขายอสังหาริมทรัพย์', '2015-10-16', '2016-01-14', 10800, 'มีโอกาสทำงานที่ดีกว่า', 37),
('บริษัท หน่วยงานรัฐบาล', 'พนักงานเทคนิคอุตสาหกรรม', '2017-05-08', '2017-08-22', 11800, 'มีเหตุผลส่วนตัว', 35),
('บริษัท หมอพันธุ์เอก', 'นักเขียนเทคนิค', '2015-06-23', '2015-09-22', 10900, 'มีเหตุผลส่วนตัว', 11),
('บริษัท ห้างสรรพสินค้า', 'นักจัดการโปรเจ็ค', '2018-09-13', '2019-01-20', 10900, 'มีเหตุผลส่วนตัว', 28),
('บริษัท อุตสาหกรรมบรรจุภัณฑ์', 'การบัญชี', '2017-07-04', '2017-10-11', 12900, 'ต้องการกลับไปเรียนต่อ', 30),
('บริษัท เทคโนโลยีสมาร์ท', 'นักพัฒนาระบบเกม', '2019-03-07', '2019-06-07', 12500, 'ต้องการเปลี่ยนที่อยู่อาศัย', 7),
('บริษัท แฟชั่นสตาร์', 'นักออกแบบแฟชั่น', '2015-08-19', '2015-11-19', 11300, 'มีโอกาสทำงานด้านอื่นที่สนใจมากขึ้น', 6),
('บริษัท โรงงานขนมหวาน', 'ช่างตีเค้ก', '2018-05-14', '2018-08-14', 11600, 'ต้องการพักผ่อนหรือมีเวลาส่วนตัวมากขึ้น', 9),
('บริษัท โรงงานอุตสาหกรรม', 'พนักงานทรัพยากรมนุษย์', '2017-05-11', '2017-08-27', 11900, 'มีเหตุผลส่วนตัว', 20),
('บริษัท โรงงานเครื่องดื่ม', 'นักพัฒนาซอฟต์แวร์', '2017-10-22', '2018-01-05', 10200, 'ต้องการกลับไปเรียนต่อ', 25),
('บริษัท โรงพยาบาลส่งเสริมสุขภาพ', 'พนักงานฝ่ายตรวจสอบการเงิน', '2016-11-30', '2017-02-14', 10300, 'มีเหตุผลส่วนตัว', 23),
('บริษัท โรงพยาบาลเอกชน', 'พนักงานส่งเสริมการขาย', '2019-08-26', '2019-11-15', 11200, 'มีเหตุผลส่วนตัว', 29),
('บริษัท โรงเรียนเอกชน', 'พนักงานฝ่ายตรวจสอบภาษี', '2016-06-08', '2016-09-30', 11600, 'มีเหตุผลส่วนตัว', 41),
('บริษัทขนส่งชั้นนำ', 'ผู้จัดหาโครงการธุรกิจการค้าระหว่างประเทศ', '2015-05-10', '2015-08-27', 12400, 'มีเหตุผลส่วนตัว', 42),
('บริษัทคอมพิวเตอร์ Innovate', 'นักวิเคราะห์โครงการท่องเที่ยว', '2017-07-14', '2017-10-30', 10800, 'มีเหตุผลส่วนตัว', 49),
('บริษัทซอฟต์แวร์ Innovision', 'พนักงานฝ่ายสรรหาบุคคล', '2015-09-09', '2016-01-05', 11700, 'มีเหตุผลส่วนตัว', 47),
('บริษัทสื่อสารสุขภาพ CommunicationCare', 'ฝ่ายบริการลูกค้า', '2017-02-27', '2017-05-14', 12100, 'มีเหตุผลส่วนตัว', 45),
('ศูนย์การศึกษาอุตสาหกรรม', 'นักวิเคราะห์การเงิน', '2018-03-07', '2018-06-23', 10900, 'ต้องการกลับไปเรียนต่อ', 43),
('สถาบันการศึกษาเทคโนโลยี YZ', 'พนักงานทรัพยากรมนุษย์ในฝ่ายส่งเสริมสุขภาพ', '2016-06-30', '2016-09-25', 11200, 'ต้องการกลับไปเรียนต่อ', 50),
('สถาบันวิจัยและพัฒนาเทคโนโลยีทางการแพทย์', 'นักพัฒนาซอฟต์แวร์แอปพลิเคชั่น', '2016-01-26', '2016-04-10', 10400, 'มีเหตุผลส่วนตัว', 46),
('หน่วยงานรัฐ', 'นักวิจัยและพัฒนาสินค้า', '2018-08-20', '2018-11-03', 12300, 'ต้องการกลับไปเรียนต่อ', 48),
('โรงแรมลักษณะหนึ่ง', 'พนักงานบริการลูกค้าด้านการเงิน', '2019-11-03', '2020-02-19', 11300, 'ต้องการกลับไปเรียนต่อ', 44);

-- --------------------------------------------------------

--
-- Table structure for table `office`
--

CREATE TABLE `office` (
  `Office_ID` int(2) NOT NULL,
  `Office_Name` varchar(100) NOT NULL
) ENGINE=InnoDB DEFAULT CHARSET=utf8mb4 COLLATE=utf8mb4_general_ci;

--
-- Dumping data for table `office`
--

INSERT INTO `office` (`Office_ID`, `Office_Name`) VALUES
(1, 'นครราชสีมา'),
(2, 'เชียงใหม่'),
(3, 'กาญจนบุรี'),
(4, 'ตาก'),
(5, 'อุบลราชธานี'),
(6, 'สุราษฎ์ธานี'),
(7, 'ชัยภูมิ'),
(8, 'แม่ฮ่องสอน'),
(9, 'เพชรบูรณ์'),
(10, 'ลำปาง'),
(11, 'อุดรธานี'),
(12, 'เชียงราย'),
(13, 'น่าน'),
(14, 'เลย'),
(15, 'ขอนแก่น'),
(16, 'พิษณุโลก'),
(17, 'บุรีรัมย์'),
(18, 'นครศรีธรรมราช'),
(19, 'สกลนคร'),
(20, 'นครสวรรค์'),
(21, 'ศรึสะเกษ'),
(22, 'กำแพงเพชร'),
(23, 'ร้อยเอ็ด'),
(24, 'สุรินทร์'),
(25, 'อุตรดิตถ์'),
(26, 'สงขลา'),
(27, 'สระแก้ว'),
(28, 'กาฬสินธุ์'),
(29, 'อุทัยธานี'),
(30, 'สุโขทัย'),
(31, 'แพร่'),
(32, 'ประจวบคีรีขันธ์'),
(33, 'จันทบุรี'),
(34, 'พะเยา'),
(35, 'เพชรบุรี'),
(36, 'ลพบุรี'),
(37, 'ชุมพร'),
(38, 'นครพนม'),
(39, 'สุพรรณบุรี'),
(40, 'ฉะเชิงเทรา'),
(41, 'มหาสารคาม'),
(42, 'ราชบุรี'),
(43, 'ตรัง'),
(44, 'ปราจีนบุรี'),
(45, 'กระบี่'),
(46, 'ชลบุรี'),
(47, 'พิจิตร'),
(48, 'ยะลา'),
(49, 'ลำพูน'),
(50, 'นราธิวาส'),
(51, 'มุกดาหาร'),
(52, 'บังกาฬ'),
(53, 'พังงา'),
(54, 'ยโสธร'),
(55, 'หนองบัวลำพู'),
(56, 'สระบุรี'),
(57, 'ระยอง'),
(58, 'พัทลุง'),
(59, 'ระนอง'),
(60, 'อำนาจเจริญ'),
(61, 'หนองคาย'),
(62, 'ตราด'),
(63, 'พระนครศรีอยุธยา'),
(64, 'สตูล'),
(65, 'ชัยนาท'),
(66, 'นครปฐม'),
(67, 'นครนายก'),
(68, 'ปัตตานี'),
(69, 'ปทุมธานี'),
(70, 'สมุทรปราการ'),
(71, 'อ่างทอง'),
(72, 'สมุทรสาคร'),
(73, 'สิงห์บุรี'),
(74, 'นนทบุรี'),
(75, 'ภูเก็ต'),
(76, 'สมุทรสงคราม'),
(77, 'กรุงเทพมหานคร');

-- --------------------------------------------------------

--
-- Table structure for table `opens`
--

CREATE TABLE `opens` (
  `Open_ID` int(3) NOT NULL,
  `Open_No` int(3) NOT NULL,
  `Position_ID` int(2) NOT NULL,
  `Round_No` int(3) NOT NULL,
  `Office_ID` int(3) NOT NULL
) ENGINE=InnoDB DEFAULT CHARSET=utf8mb4 COLLATE=utf8mb4_general_ci;

--
-- Dumping data for table `opens`
--

INSERT INTO `opens` (`Open_ID`, `Open_No`, `Position_ID`, `Round_No`, `Office_ID`) VALUES
(1, 1, 1, 1, 77),
(1, 2, 2, 1, 77),
(2, 3, 3, 2, 10),
(3, 4, 1, 3, 26),
(4, 5, 4, 4, 15),
(5, 6, 3, 5, 47),
(5, 1, 4, 5, 60),
(6, 7, 2, 6, 14),
(7, 8, 5, 7, 25),
(8, 9, 1, 8, 25),
(9, 1, 5, 9, 14),
(10, 6, 4, 10, 11),
(10, 5, 5, 10, 11),
(11, 1, 4, 11, 64),
(12, 7, 5, 12, 33);

-- --------------------------------------------------------

--
-- Table structure for table `phone`
--

CREATE TABLE `phone` (
  `Phone_Number` int(10) NOT NULL,
  `Applicants_ID` int(3) NOT NULL
) ENGINE=InnoDB DEFAULT CHARSET=utf8mb4 COLLATE=utf8mb4_general_ci;

--
-- Dumping data for table `phone`
--

INSERT INTO `phone` (`Phone_Number`, `Applicants_ID`) VALUES
(625411791, 89),
(641782616, 79),
(642519775, 62),
(647551151, 88),
(652489120, 73),
(654125745, 95),
(654125800, 95),
(654711145, 91),
(658423156, 71),
(689521304, 72),
(692100251, 78),
(812145678, 1),
(812345678, 1),
(812345678, 13),
(812345678, 25),
(812345678, 37),
(812345678, 49),
(821514466, 92),
(821514577, 92),
(840242332, 66),
(845678901, 7),
(845678901, 19),
(845678901, 31),
(845678901, 43),
(847125516, 74),
(854113670, 52),
(854126247, 70),
(854204036, 83),
(854474310, 60),
(855541123, 84),
(856158232, 67),
(863232221, 93),
(864447239, 55),
(865712162, 61),
(867890123, 3),
(867890123, 15),
(867890123, 27),
(867890123, 39),
(871642235, 56),
(874441206, 81),
(874777102, 99),
(876543210, 11),
(876543210, 23),
(876543210, 35),
(876543210, 47),
(877771453, 97),
(878901234, 5),
(878901234, 17),
(878901234, 29),
(878901234, 41),
(879654411, 75),
(889012345, 9),
(889012345, 21),
(889012345, 33),
(889012345, 45),
(904540001, 96),
(912422230, 100),
(914426575, 58),
(914667523, 57),
(915562471, 76),
(915624235, 54),
(923442789, 2),
(923456789, 2),
(923456789, 14),
(923456789, 26),
(923456789, 38),
(923456789, 50),
(924557151, 59),
(932444662, 68),
(934567890, 6),
(934567890, 18),
(934567890, 30),
(934567890, 42),
(935474136, 63),
(945678901, 10),
(945678901, 22),
(945678901, 34),
(945678901, 46),
(947123040, 77),
(953232221, 93),
(954712365, 69),
(954777820, 51),
(956789012, 4),
(956789012, 16),
(956789012, 28),
(956789012, 40),
(962175158, 86),
(962252221, 85),
(962458155, 64),
(963415056, 82),
(964521777, 90),
(965112333, 98),
(965124444, 87),
(967890123, 12),
(967890123, 24),
(967890123, 36),
(967890123, 48),
(974223475, 53),
(984566111, 94),
(985122111, 94),
(985421222, 80),
(985821421, 65),
(987654321, 8),
(987654321, 20),
(987654321, 32),
(987654321, 44);

-- --------------------------------------------------------

--
-- Table structure for table `position`
--

CREATE TABLE `position` (
  `Position_ID` int(2) NOT NULL,
  `Position_Name` varchar(100) NOT NULL
) ENGINE=InnoDB DEFAULT CHARSET=utf8mb4 COLLATE=utf8mb4_general_ci;

--
-- Dumping data for table `position`
--

INSERT INTO `position` (`Position_ID`, `Position_Name`) VALUES
(1, 'เจ้าหน้าที่การเงินและการบัญชี'),
(2, 'พนักงานคลังสินค้า'),
(3, 'พนักงานขายของ'),
(4, 'นักวิชาการคอมพิวเตอร์'),
(5, 'เจ้าหน้าที่ตรวจสอบภายใน'),
(6, '');

-- --------------------------------------------------------

--
-- Table structure for table `round`
--

CREATE TABLE `round` (
  `Round_No` int(3) NOT NULL,
  `Start_Date` date NOT NULL,
  `End_Date` date NOT NULL
) ENGINE=InnoDB DEFAULT CHARSET=utf8mb4 COLLATE=utf8mb4_general_ci;

--
-- Dumping data for table `round`
--

INSERT INTO `round` (`Round_No`, `Start_Date`, `End_Date`) VALUES
(1, '2020-01-01', '2020-02-01'),
(2, '2020-02-01', '2020-03-01'),
(3, '2020-03-01', '2020-04-01'),
(4, '2020-04-01', '2020-05-01'),
(5, '2020-05-01', '2020-06-01'),
(6, '2020-06-01', '2020-07-01'),
(7, '2020-07-01', '2020-08-01'),
(8, '2020-08-01', '2020-09-01'),
(9, '2020-09-01', '2020-10-01'),
(10, '2020-10-01', '2020-11-01'),
(11, '2020-11-01', '2020-12-01'),
(12, '2020-12-01', '2021-01-01'),
(13, '0000-00-00', '0000-00-00'),
(14, '0000-00-00', '0000-00-00'),
(15, '0000-00-00', '0000-00-00'),
(16, '0000-00-00', '0000-00-00'),
(17, '0000-00-00', '0000-00-00'),
(18, '0000-00-00', '0000-00-00'),
(19, '0000-00-00', '0000-00-00'),
(20, '0000-00-00', '0000-00-00'),
(21, '0000-00-00', '0000-00-00'),
(22, '0000-00-00', '0000-00-00'),
(23, '0000-00-00', '0000-00-00'),
(24, '0000-00-00', '0000-00-00'),
(25, '0000-00-00', '0000-00-00'),
(26, '0000-00-00', '0000-00-00'),
(27, '0000-00-00', '0000-00-00'),
(28, '0000-00-00', '0000-00-00'),
(29, '0000-00-00', '0000-00-00'),
(30, '0000-00-00', '0000-00-00'),
(31, '0000-00-00', '0000-00-00'),
(32, '0000-00-00', '0000-00-00'),
(33, '0000-00-00', '0000-00-00'),
(34, '0000-00-00', '0000-00-00'),
(35, '0000-00-00', '0000-00-00'),
(36, '0000-00-00', '0000-00-00'),
(37, '0000-00-00', '0000-00-00'),
(38, '0000-00-00', '0000-00-00'),
(39, '0000-00-00', '0000-00-00'),
(40, '0000-00-00', '0000-00-00'),
(41, '0000-00-00', '0000-00-00'),
(42, '0000-00-00', '0000-00-00'),
(43, '0000-00-00', '0000-00-00'),
(44, '0000-00-00', '0000-00-00'),
(45, '0000-00-00', '0000-00-00'),
(46, '0000-00-00', '0000-00-00'),
(47, '0000-00-00', '0000-00-00'),
(48, '0000-00-00', '0000-00-00'),
(49, '0000-00-00', '0000-00-00'),
(50, '0000-00-00', '0000-00-00'),
(51, '0000-00-00', '0000-00-00'),
(52, '0000-00-00', '0000-00-00'),
(53, '0000-00-00', '0000-00-00'),
(54, '0000-00-00', '0000-00-00'),
(55, '0000-00-00', '0000-00-00'),
(56, '0000-00-00', '0000-00-00'),
(57, '0000-00-00', '0000-00-00'),
(58, '0000-00-00', '0000-00-00'),
(59, '0000-00-00', '0000-00-00'),
(60, '0000-00-00', '0000-00-00');

-- --------------------------------------------------------

--
-- Table structure for table `skill_computer`
--

CREATE TABLE `skill_computer` (
  `Level` varchar(1) NOT NULL,
  `Computer_ID` int(1) NOT NULL,
  `Applicants_ID` int(3) NOT NULL
) ENGINE=InnoDB DEFAULT CHARSET=utf8mb4 COLLATE=utf8mb4_general_ci;

--
-- Dumping data for table `skill_computer`
--

INSERT INTO `skill_computer` (`Level`, `Computer_ID`, `Applicants_ID`) VALUES
('G', 1, 1),
('F', 1, 3),
('F', 1, 7),
('G', 1, 14),
('G', 1, 19),
('F', 1, 23),
('F', 1, 28),
('G', 1, 29),
('P', 1, 38),
('P', 1, 43),
('F', 1, 48),
('G', 1, 49),
('P', 1, 50),
('G', 1, 51),
('P', 1, 58),
('G', 1, 66),
('P', 1, 67),
('P', 1, 69),
('P', 1, 76),
('P', 1, 82),
('G', 1, 83),
('G', 1, 85),
('P', 1, 92),
('P', 1, 96),
('G', 2, 1),
('P', 2, 2),
('F', 2, 3),
('F', 2, 7),
('F', 2, 11),
('G', 2, 17),
('P', 2, 25),
('F', 2, 28),
('P', 2, 31),
('F', 2, 32),
('F', 2, 35),
('G', 2, 44),
('G', 2, 45),
('P', 2, 50),
('G', 2, 51),
('P', 2, 56),
('G', 2, 57),
('P', 2, 61),
('G', 2, 62),
('G', 2, 63),
('G', 2, 64),
('G', 2, 74),
('P', 2, 75),
('P', 2, 77),
('P', 2, 78),
('P', 2, 79),
('G', 2, 80),
('P', 2, 90),
('P', 2, 91),
('P', 2, 97),
('P', 2, 98),
('P', 2, 100),
('F', 3, 5),
('P', 3, 8),
('F', 3, 12),
('P', 3, 13),
('P', 3, 16),
('P', 3, 20),
('G', 3, 22),
('P', 3, 27),
('G', 3, 30),
('P', 3, 33),
('G', 3, 37),
('F', 3, 40),
('F', 3, 42),
('F', 3, 47),
('P', 3, 55),
('G', 3, 68),
('G', 3, 73),
('P', 3, 84),
('G', 3, 89),
('G', 3, 99),
('P', 3, 100),
('G', 4, 4),
('F', 4, 5),
('G', 4, 9),
('F', 4, 15),
('P', 4, 21),
('G', 4, 24),
('G', 4, 34),
('G', 4, 39),
('P', 4, 46),
('G', 4, 53),
('P', 4, 54),
('P', 4, 65),
('P', 4, 71),
('P', 4, 72),
('G', 4, 81),
('P', 4, 87),
('G', 4, 88),
('G', 4, 95),
('G', 4, 99),
('P', 5, 6),
('G', 5, 10),
('F', 5, 18),
('F', 5, 26),
('P', 5, 36),
('G', 5, 41),
('G', 5, 49),
('G', 5, 52),
('P', 5, 59),
('P', 5, 60),
('G', 5, 70),
('G', 5, 86),
('G', 5, 93),
('G', 5, 94);

-- --------------------------------------------------------

--
-- Table structure for table `skill_info_computer`
--

CREATE TABLE `skill_info_computer` (
  `Computer_ID` int(1) NOT NULL,
  `Programe` varchar(50) NOT NULL
) ENGINE=InnoDB DEFAULT CHARSET=utf8mb4 COLLATE=utf8mb4_general_ci;

--
-- Dumping data for table `skill_info_computer`
--

INSERT INTO `skill_info_computer` (`Computer_ID`, `Programe`) VALUES
(1, 'Word'),
(2, 'Excel'),
(3, 'Power Point'),
(4, 'MS.Project'),
(5, 'Auto CAD');

-- --------------------------------------------------------

--
-- Table structure for table `skill_info_language`
--

CREATE TABLE `skill_info_language` (
  `Language_ID` varchar(2) NOT NULL,
  `Language` varchar(100) NOT NULL
) ENGINE=InnoDB DEFAULT CHARSET=utf8mb4 COLLATE=utf8mb4_general_ci;

--
-- Dumping data for table `skill_info_language`
--

INSERT INTO `skill_info_language` (`Language_ID`, `Language`) VALUES
('CH', 'Chinese'),
('EN', 'English'),
('JP', 'Japanese');

-- --------------------------------------------------------

--
-- Table structure for table `skill_language`
--

CREATE TABLE `skill_language` (
  `Listening` varchar(1) NOT NULL,
  `Speaking` varchar(1) NOT NULL,
  `Reading` varchar(1) NOT NULL,
  `Writing` varchar(1) NOT NULL,
  `Language_ID` varchar(2) NOT NULL,
  `Applicants_ID` int(3) NOT NULL
) ENGINE=InnoDB DEFAULT CHARSET=utf8mb4 COLLATE=utf8mb4_general_ci;

--
-- Dumping data for table `skill_language`
--

INSERT INTO `skill_language` (`Listening`, `Speaking`, `Reading`, `Writing`, `Language_ID`, `Applicants_ID`) VALUES
('F', 'P', 'P', 'P', 'CH', 3),
('G', 'P', 'G', 'P', 'CH', 4),
('G', 'P', 'G', 'F', 'CH', 26),
('P', 'P', 'G', 'P', 'CH', 28),
('G', 'G', 'P', 'P', 'CH', 43),
('G', 'P', 'G', 'F', 'CH', 47),
('G', 'F', 'P', 'P', 'CH', 49),
('P', 'P', 'G', 'F', 'CH', 71),
('G', 'P', 'G', 'G', 'CH', 83),
('F', 'G', 'G', 'P', 'CH', 84),
('P', 'P', 'G', 'G', 'CH', 89),
('G', 'F', 'F', 'G', 'EN', 1),
('P', 'G', 'G', 'F', 'EN', 2),
('F', 'P', 'P', 'P', 'EN', 3),
('G', 'P', 'G', 'P', 'EN', 4),
('G', 'G', 'F', 'F', 'EN', 5),
('P', 'F', 'F', 'G', 'EN', 6),
('F', 'F', 'P', 'F', 'EN', 7),
('F', 'P', 'P', 'G', 'EN', 8),
('G', 'G', 'G', 'P', 'EN', 9),
('P', 'F', 'G', 'F', 'EN', 10),
('P', 'P', 'F', 'G', 'EN', 11),
('G', 'G', 'G', 'P', 'EN', 12),
('F', 'G', 'P', 'G', 'EN', 13),
('G', 'F', 'P', 'P', 'EN', 14),
('F', 'P', 'F', 'F', 'EN', 15),
('P', 'P', 'F', 'G', 'EN', 16),
('P', 'G', 'G', 'P', 'EN', 17),
('G', 'G', 'F', 'P', 'EN', 18),
('G', 'F', 'P', 'G', 'EN', 19),
('F', 'F', 'G', 'F', 'EN', 20),
('G', 'P', 'P', 'F', 'EN', 21),
('F', 'G', 'F', 'G', 'EN', 22),
('P', 'P', 'G', 'F', 'EN', 23),
('F', 'F', 'P', 'P', 'EN', 24),
('P', 'F', 'P', 'G', 'EN', 25),
('G', 'P', 'G', 'F', 'EN', 26),
('G', 'G', 'F', 'G', 'EN', 27),
('P', 'P', 'G', 'P', 'EN', 28),
('F', 'G', 'P', 'P', 'EN', 29),
('F', 'F', 'F', 'G', 'EN', 30),
('P', 'P', 'P', 'F', 'EN', 31),
('G', 'F', 'G', 'F', 'EN', 32),
('P', 'G', 'G', 'G', 'EN', 33),
('G', 'P', 'F', 'P', 'EN', 34),
('F', 'G', 'F', 'G', 'EN', 35),
('P', 'F', 'P', 'F', 'EN', 36),
('G', 'P', 'G', 'F', 'EN', 37),
('F', 'G', 'P', 'P', 'EN', 38),
('F', 'F', 'G', 'G', 'EN', 39),
('G', 'G', 'F', 'P', 'EN', 40),
('P', 'P', 'F', 'G', 'EN', 41),
('F', 'F', 'G', 'F', 'EN', 42),
('G', 'G', 'P', 'P', 'EN', 43),
('P', 'P', 'P', 'G', 'EN', 44),
('P', 'F', 'G', 'P', 'EN', 45),
('F', 'G', 'F', 'F', 'EN', 46),
('G', 'P', 'G', 'F', 'EN', 47),
('P', 'P', 'P', 'G', 'EN', 48),
('G', 'F', 'P', 'P', 'EN', 49),
('F', 'G', 'F', 'G', 'EN', 50),
('G', 'G', 'G', 'G', 'EN', 51),
('G', 'P', 'P', 'G', 'EN', 52),
('P', 'G', 'G', 'G', 'EN', 53),
('G', 'F', 'P', 'P', 'EN', 54),
('P', 'G', 'G', 'P', 'EN', 55),
('G', 'G', 'P', 'P', 'EN', 56),
('P', 'P', 'G', 'F', 'EN', 57),
('G', 'P', 'P', 'P', 'EN', 58),
('P', 'P', 'P', 'P', 'EN', 59),
('P', 'G', 'G', 'P', 'EN', 60),
('G', 'P', 'P', 'P', 'EN', 61),
('P', 'G', 'G', 'G', 'EN', 62),
('G', 'G', 'G', 'F', 'EN', 63),
('G', 'G', 'G', 'G', 'EN', 64),
('G', 'P', 'P', 'P', 'EN', 65),
('P', 'P', 'P', 'G', 'EN', 66),
('P', 'P', 'G', 'P', 'EN', 67),
('P', 'P', 'G', 'F', 'EN', 68),
('P', 'F', 'G', 'P', 'EN', 69),
('F', 'P', 'P', 'G', 'EN', 70),
('P', 'P', 'G', 'F', 'EN', 71),
('P', 'G', 'P', 'P', 'EN', 72),
('G', 'G', 'G', 'G', 'EN', 73),
('G', 'F', 'G', 'G', 'EN', 74),
('F', 'G', 'G', 'P', 'EN', 75),
('G', 'G', 'P', 'P', 'EN', 76),
('G', 'P', 'P', 'P', 'EN', 77),
('P', 'G', 'P', 'P', 'EN', 78),
('G', 'P', 'P', 'P', 'EN', 79),
('P', 'P', 'F', 'G', 'EN', 80),
('P', 'P', 'P', 'G', 'EN', 81),
('G', 'G', 'P', 'P', 'EN', 82),
('G', 'P', 'G', 'G', 'EN', 83),
('F', 'G', 'G', 'P', 'EN', 84),
('P', 'P', 'P', 'G', 'EN', 85),
('G', 'G', 'G', 'G', 'EN', 86),
('F', 'G', 'G', 'P', 'EN', 87),
('P', 'G', 'P', 'G', 'EN', 88),
('P', 'P', 'G', 'G', 'EN', 89),
('G', 'F', 'P', 'P', 'EN', 90),
('F', 'P', 'P', 'P', 'EN', 91),
('P', 'G', 'P', 'P', 'EN', 92),
('G', 'G', 'G', 'G', 'EN', 93),
('G', 'P', 'G', 'G', 'EN', 94),
('G', 'G', 'G', 'G', 'EN', 95),
('G', 'F', 'G', 'P', 'EN', 96),
('P', 'G', 'G', 'P', 'EN', 97),
('P', 'G', 'P', 'P', 'EN', 98),
('P', 'G', 'P', 'G', 'EN', 99),
('P', 'P', 'G', 'P', 'EN', 100),
('P', 'G', 'G', 'F', 'JP', 2),
('F', 'P', 'P', 'P', 'JP', 3),
('G', 'P', 'G', 'P', 'JP', 4),
('G', 'G', 'F', 'F', 'JP', 5),
('G', 'G', 'F', 'G', 'JP', 27),
('P', 'P', 'F', 'G', 'JP', 41),
('G', 'G', 'G', 'G', 'JP', 51),
('F', 'P', 'P', 'G', 'JP', 70),
('P', 'G', 'P', 'P', 'JP', 72);

-- --------------------------------------------------------

--
-- Table structure for table `training_info`
--

CREATE TABLE `training_info` (
  `Training_By` varchar(250) NOT NULL,
  `Course` varchar(250) NOT NULL,
  `Period_From` date DEFAULT NULL,
  `Period_To` date DEFAULT NULL,
  `Applicants_ID` int(3) NOT NULL
) ENGINE=InnoDB DEFAULT CHARSET=utf8mb4 COLLATE=utf8mb4_general_ci;

--
-- Dumping data for table `training_info`
--

INSERT INTO `training_info` (`Training_By`, `Course`, `Period_From`, `Period_To`, `Applicants_ID`) VALUES
('มหาวิทยาลัยขอนแก่น', 'การวางแผนและการควบคุมการผลิตเชิงกลยุทธ์', '2019-05-31', '2019-06-01', 54),
('มหาวิทยาลัยขอนแก่น', 'การวิเคราะห์ข้อมูลเบื้องต้น', '2018-05-11', '2018-07-02', 5),
('มหาวิทยาลัยขอนแก่น', 'การวิเคราะห์หาสาเหตุของปัญหา', '2018-05-04', '2018-05-05', 57),
('มหาวิทยาลัยนครพนม', 'การอบรมนวัตกรรมและความคิดสร้างสรรค์', '2019-08-29', '2017-11-16', 7),
('มหาวิทยาลัยนครพนม', 'การแก้ไขปัญหาด้วยเทคนิค 3 จริง 5 WHY', '2019-05-14', '2019-05-16', 59),
('มหาวิทยาลัยนเรศวร', 'การปรับปรุงอย่างต่อเนื่องด้วย KAIZEN', '2019-12-15', '2019-12-16', 63),
('มหาวิทยาลัยนเรศวร', 'โครงการสร้างสรรค์ทีม', '2016-12-25', '2019-03-09', 11),
('มหาวิทยาลัยมหิดล', 'การอบรมการขายและการต่อรอง', '2017-01-03', '2018-06-18', 10),
('มหาวิทยาลัยมหิดล', 'เทคนิคการลดต้นทุน', '2019-03-25', '2019-03-26', 62),
('มหาวิทยาลัยรังสิต', 'Power BI Advanced Power Query', '2018-11-01', '2018-11-05', 64),
('มหาวิทยาลัยรังสิต', 'สูตรลับการสร้างบุคลิกภาพในการนำเสนออย่างน่าประทับใจ', '2018-03-10', '2018-03-11', 72),
('มหาวิทยาลัยรังสิต', 'โครงการเร่งรีบธุรกิจ', '2016-07-18', '2017-07-30', 12),
('มหาวิทยาลัยราชภัฏกาญจนบุรี', 'เทคนิคการคิดและบริหารโครงการด้วยกระดาษหนึ่งแผ่น', '2019-12-16', '2019-12-17', 88),
('มหาวิทยาลัยราชภัฏกาญจนบุรี', 'โครงการฝึกอบรมในการตัดสินใจในสถานการณ์ฉุกเฉิน', '2016-12-05', '2018-09-26', 39),
('มหาวิทยาลัยราชภัฏกำแพงเพชร', 'การบริการที่เหนือกว่า', '2018-06-10', '2018-06-11', 78),
('มหาวิทยาลัยราชภัฏกำแพงเพชร', 'ค่ายการบริหารโครงการแบบอะไจล์', '2016-12-04', '2018-06-10', 21),
('มหาวิทยาลัยราชภัฏกำแพงเพชร', 'ทักษะการขายโครงการในฝัน', '2018-12-22', '2018-12-26', 70),
('มหาวิทยาลัยราชภัฏนครปฐม', 'สัมมนาการเรียนรู้เกี่ยวกับการเงิน', '2016-06-22', '2016-08-13', 4),
('มหาวิทยาลัยราชภัฏนครปฐม', 'อบรมการทำงานเป็นทีม', '2019-05-08', '2019-05-09', 53),
('มหาวิทยาลัยราชภัฏนครปฐม', 'เทคนิคสร้างตารางทักษะการทำงานและประเมินผล', '2019-06-04', '2019-06-05', 56),
('มหาวิทยาลัยราชภัฏนครสวรรค์', 'การอบรมการสาธารณะพูด', '2018-10-09', '2016-10-28', 9),
('มหาวิทยาลัยราชภัฏนครสวรรค์', 'การอบรมเรียนรู้เชิงลึก', '2017-03-08', '2016-11-22', 46),
('มหาวิทยาลัยราชภัฏนครสวรรค์', 'ค่ายการบริหารโครงการซัพพลายเชน', '2018-05-07', '2019-04-03', 35),
('มหาวิทยาลัยราชภัฏนครสวรรค์', 'หลักสูตรอบรม Service Mind Training หัวใจการบริการ', '2019-06-12', '2019-06-13', 61),
('มหาวิทยาลัยราชภัฏนครสวรรค์', 'เทคนิคการพรีเซนต์เป็นภาษาอังกฤษให้โดนใจ', '2018-06-15', '2018-06-16', 95),
('มหาวิทยาลัยราชภัฏพระนคร', 'Management Camp ', '2019-12-06', '2019-12-07', 80),
('มหาวิทยาลัยราชภัฏพระนคร', 'การอบรมความสามารถทางอารมณ์', '2017-02-15', '2017-07-21', 23),
('มหาวิทยาลัยราชภัฏพระนครศรีอยุธยา', 'คอร์สเร่งรีบในการบริหารโครงการแอคไซล์', '2017-12-10', '2017-09-09', 31),
('มหาวิทยาลัยราชภัฏพัทลุง', 'การเปลี่ยนแปลงดิจิทัล', '2017-01-30', '2017-10-23', 36),
('มหาวิทยาลัยราชภัฏพัทลุง', 'เทคนิคการวิเคราะห์และวางแผน', '2019-04-18', '2019-04-19', 92),
('มหาวิทยาลัยราชภัฏพัทลุง', 'โครงการในการนำเสนอข้อมูล', '2016-02-02', '2019-03-20', 43),
('มหาวิทยาลัยราชภัฏพัทลุง', 'โปรแกรมพัฒนาการโค้ชด้วยเครื่องมือเชิงปฏิบัติการ', '2018-09-21', '2018-09-22', 85),
('มหาวิทยาลัยราชภัฏพิบูลสงคราม', 'คอร์สเร่งรีบในสร้างวิถีชีวิตธุรกิจ', '2017-02-18', '2016-11-08', 41),
('มหาวิทยาลัยราชภัฏพิบูลสงคราม', 'หัวหน้างานยุคใหม่ เก่งจัดการงานและพัฒนาทีม', '2019-04-27', '2019-04-28', 90),
('มหาวิทยาลัยราชภัฏพิบูลสงคราม', 'โครงการสำหรับการแก้ขัด', '2019-06-02', '2019-05-31', 32),
('มหาวิทยาลัยราชภัฏยะลา', 'บริการสุดขั้วด้วยหัวใจสุดขีด', '2019-01-03', '2019-01-04', 99),
('มหาวิทยาลัยราชภัฏยะลา', 'สัมมนาเกี่ยวกับจรรยาบรรณธุรกิจและการปฏิบัติตามกฎหมาย', '2018-03-24', '2016-11-21', 33),
('มหาวิทยาลัยราชภัฏยะลา', 'โครงการสำหรับการสร้างเครือข่ายท่องเที่ยว', '2019-06-04', '2019-05-15', 50),
('มหาวิทยาลัยราชภัฏร้อยเอ็ด', 'การบริหารการผลิตและการปฏิบัติการ', '2019-07-10', '2019-07-11', 82),
('มหาวิทยาลัยราชภัฏร้อยเอ็ด', 'การปรับปรุงกระบวนการทำงานเพื่อลดความสูญเสีย', '2018-12-16', '2018-12-17', 89),
('มหาวิทยาลัยราชภัฏร้อยเอ็ด', 'โครงการสำหรับการออกแบบโครงสร้างองค์กร', '2019-06-27', '2019-04-17', 40),
('มหาวิทยาลัยราชภัฏร้อยเอ็ด', 'โครงการสำหรับผู้นำสำคัญ', '2016-01-31', '2016-12-02', 25),
('มหาวิทยาลัยราชภัฏศรีสะเกษ', 'Build Power Apps with Power Automate', '2019-05-26', '2019-05-27', 87),
('มหาวิทยาลัยราชภัฏศรีสะเกษ', 'Excel Program For Business', '2018-06-13', '2018-06-14', 96),
('มหาวิทยาลัยราชภัฏศรีสะเกษ', 'การบริหารโครงการอย่างมีประสิทธิภาพ', '2019-11-21', '2019-11-22', 91),
('มหาวิทยาลัยราชภัฏศรีสะเกษ', 'คอร์สเร่งรีบการบำรุงรักษาสุขภาพในที่ทำงาน', '2018-10-10', '2018-07-30', 42),
('มหาวิทยาลัยราชภัฏศรีสะเกษ', 'คอร์สเร่งรีบในการบริหารทีมที่มีประสิทธิภาพ', '2018-11-30', '2018-08-13', 47),
('มหาวิทยาลัยราชภัฏศรีสะเกษ', 'สัมมนาเกี่ยวกับการจัดการวิกฤติ', '2018-04-13', '2017-01-04', 38),
('มหาวิทยาลัยราชภัฏสวนกุหลาบ', 'สัมมนาวางแผนการเงิน', '2018-11-28', '2018-08-28', 29),
('มหาวิทยาลัยราชภัฏสวนสุนันทา', 'โลกสังคมออนไลน์และการตลาด', '2016-07-19', '2019-03-18', 30),
('มหาวิทยาลัยราชภัฏอุดรธานี', 'การบริหารโครงการสำหรับการบริหารธุรกิจ', '2018-10-24', '2018-10-25', 84),
('มหาวิทยาลัยราชภัฏอุดรธานี', 'การฝึกอบรมในการสร้างแบรนด์ส่วนตัว', '2018-05-14', '2019-04-15', 27),
('มหาวิทยาลัยราชภัฏอุตรดิตถ์', 'Up Skill Coding', '2019-04-05', '2019-04-06', 74),
('มหาวิทยาลัยราชภัฏอุตรดิตถ์', 'ทักษะการนำเสนอผลิตภัณฑ์เพื่อขาย', '2019-06-15', '2019-06-16', 66),
('มหาวิทยาลัยราชภัฏอุตรดิตถ์', 'ทักษะการสื่อสารข้ามวัฒนธรรมในยุคดิจิตัล', '2019-07-11', '2019-07-12', 100),
('มหาวิทยาลัยราชภัฏอุตรดิตถ์', 'สัมมนาการจัดการทรัพยากรมนุษย์', '2018-05-05', '2016-11-16', 17),
('มหาวิทยาลัยราชภัฏเฉลิมพระเกียรติ', 'การสรรหาเชิงรุกกับการสร้างแบรนด์องค์กรสำหรับ HR', '2019-05-03', '2019-05-04', 83),
('มหาวิทยาลัยราชภัฏเฉลิมพระเกียรติ', 'คอร์สเร่งรีบที่สำคัญในการบริหาร', '2019-09-23', '2017-09-24', 26),
('มหาวิทยาลัยราชภัฏเชียงใหม่', 'การอบรมในการสื่อสารวิทยาศาสตร์', '2018-05-16', '2019-06-01', 45),
('มหาวิทยาลัยราชภัฏเชียงใหม่', 'คลาสเรียนการออกแบบการนำเสนอ', '2016-09-15', '2018-08-12', 34),
('มหาวิทยาลัยราชภัฏเชียงใหม่', 'ทักษะการเขียนเชิงธุรกิจอย่างมืออาชีพ', '2019-03-30', '2019-03-31', 94),
('มหาวิทยาลัยราชภัฏเพชรบุรี', 'การพัฒนาทรัพยากรมนุษย์สำหรับผู้บริหาร', '2019-04-29', '2019-04-30', 93),
('มหาวิทยาลัยราชภัฏเพชรบุรี', 'การอบรมความหลากหลายและการรวมอยู่ด้วยกัน', '2017-03-06', '2016-11-07', 28),
('มหาวิทยาลัยราชภัฏเพชรบุรี', 'การอบรมและพัฒนาทักษะการแปลและตัดต่อ', '2019-09-24', '2017-09-10', 44),
('มหาวิทยาลัยราชภัฏเพชรบุรี', 'ทักษะการสื่อสารภายในองค์กรอย่างมีประสิทธิภาพ', '2018-11-06', '2018-11-07', 97),
('มหาวิทยาลัยราชภัฏเพชรบุรี', 'สัมมนาการจัดการข้อมูลสินเชื่อ', '2016-07-21', '2019-04-04', 48),
('มหาวิทยาลัยราชภัฏเพชรบูรณ์', 'การจัดการอารมณ์และความเข้าใจการบริการ', '2018-03-28', '2018-03-30', 79),
('มหาวิทยาลัยราชภัฏเพชรบูรณ์', 'สัมมนาการคิดวิเคราะห์และการแก้ปัญหา', '2019-06-25', '2019-03-01', 22),
('มหาวิทยาลัยราชภัฏเพชรบูรณ์', 'เทคนิคการบริหารอารมณ์แก้ปัญหาอย่างชาญฉลาด', '2018-10-22', '2018-10-23', 71),
('มหาวิทยาลัยราชภัฏเลย', 'การอบรมเชิงผู้ประกอบการ', '2019-08-21', '2019-06-14', 37),
('มหาวิทยาลัยราชภัฏเลย', 'ค่ายเร่งรีบการจัดการความเสี่ยง', '2018-10-07', '2019-05-12', 24),
('มหาวิทยาลัยราชภัฏเลย', 'ทักษะการเตรียมความพร้อมสู่เส้นทางนักขาย', '2018-03-29', '2018-03-30', 81),
('มหาวิทยาลัยราชภัฏเลย', 'พัฒนาระดับความยืดหยุ่นทางจิตใจสู่ความสำเร็จ', '2018-12-26', '2018-12-27', 86),
('มหาวิทยาลัยราชภัฏเลย', 'สุดยอดเทคนิคเพื่องานบริการเหนือระดับ', '2018-11-17', '2018-11-18', 98),
('มหาวิทยาลัยราชภัฏเลย', 'โครงการสำหรับการส่งเสริมการส่งออก', '2017-12-12', '2017-10-25', 49),
('มหาวิทยาลัยศรีปทุม', 'การฝึกอบรมการวางแผนกลยุทธ์', '2017-02-17', '2019-05-07', 8),
('มหาวิทยาลัยศรีปทุม', 'สัมมนาความรู้ในการบริการลูกค้า', '2019-06-01', '2016-09-14', 14),
('มหาวิทยาลัยศรีปทุม', 'เทคนิคการจัดการข้อผิดพลาด เพื่อเพิ่มประสิทธิภาพการทำงาน', '2019-01-08', '2019-01-09', 60),
('มหาวิทยาลัยศิลปากร', 'การศึกษาเชิงพาณิชย์ดิจิทัล', '2019-01-30', '2019-03-22', 3),
('มหาวิทยาลัยศิลปากร', 'หลักสูตรเทคนิคการจัดทำ PowerPoint เพื่อการนำเสนอ', '2018-11-20', '2018-11-21', 55),
('มหาวิทยาลัยศิลปากร', 'อบรมการสื่อสารทางไกลให้ลูกค้าประทับใจ', '2018-10-21', '2018-10-23', 52),
('มหาวิทยาลัยสงขลานครินทร์', 'การฝึกอบรมการสร้างเครือข่ายธุรกิจ', '2017-01-27', '2018-08-07', 18),
('มหาวิทยาลัยสงขลานครินทร์', 'เทคนิคการบริหารทีมเพื่อตอบสนองความพึงพอใจของลูกค้า', '2019-04-16', '2019-04-17', 75),
('มหาวิทยาลัยสงขลานครินทร์', 'เทคนิคการเล่าเรื่องแบบ STORY TELLING', '2019-08-16', '2019-08-17', 67),
('มหาวิทยาลัยสวนดุสิต', 'การอบรมทักษะการนำเสนอ', '2016-09-13', '2019-03-26', 16),
('มหาวิทยาลัยสวนสุนันทา', 'การขายเชิงที่ปรึกษาพิชิตใจ', '2019-06-01', '2019-06-02', 76),
('มหาวิทยาลัยสวนสุนันทา', 'การแก้ไขปัญหาและการต่อรองขจัดข้อโต้แย้ง', '2018-05-03', '2018-05-06', 68),
('มหาวิทยาลัยสวนสุนันทา', 'โครงการเพื่อการปรับปรุงกระบวนการธุรกิจ', '2019-08-20', '2019-04-29', 19),
('มหาวิทยาลัยสุโขทัยธรรมาธิราช', 'คอร์สเร่งรีบการตลาดสื่อสังคม', '2018-04-12', '2016-10-20', 20),
('มหาวิทยาลัยสุโขทัยธรรมาธิราช', 'ยกระดับการบริการให้เหนือชั้น', '2018-12-27', '2018-12-28', 69),
('มหาวิทยาลัยสุโขทัยธรรมาธิราช', 'รับมือกับข้อเรียกร้องของลูกค้าอย่างไรให้ถูกจุดและตรงใจ', '2018-08-27', '2018-08-28', 77),
('มหาวิทยาลัยอุตรดิตถ์', 'โครงการการแก้ขัดแย้ง', '2018-03-22', '2018-07-05', 15),
('มหาวิทยาลัยอุบลราชธานี', 'Data Model for Power BI', '2018-02-08', '2018-02-13', 58),
('มหาวิทยาลัยอุบลราชธานี', 'การอบรมสื่อสารที่มีประสิทธิภาพ', '2016-04-04', '2016-04-23', 6),
('มหาวิทยาลัยเกษตรศาสตร์', 'Microsoft Excel Intermediate', '2018-04-18', '2018-04-19', 51),
('มหาวิทยาลัยเกษตรศาสตร์', 'ค่ายการบริหารโครงการ', '2017-09-07', '2017-09-30', 2),
('มหาวิทยาลัยเชียงใหม่', 'การสร้างจิตสำนึกด้านคุณภาพ', '2018-10-27', '2018-10-28', 65),
('มหาวิทยาลัยเชียงใหม่', 'สัมมนาการจัดการเวลา', '2017-11-10', '2019-02-22', 13),
('มหาวิทยาลัยเชียงใหม่', 'เสริมทักษะสื่อสารสู่การโน้มน้าวคู่สนทนา', '2018-03-26', '2018-03-27', 73),
('มหาวิทยาลัยเทคโนโลยีราชมงคลศรีอยุธยา', 'สัมมนาพัฒนาทักษะการนำผู้คน', '2018-11-13', '2016-12-06', 1);

--
-- Indexes for dumped tables
--

--
-- Indexes for table `applicants`
--
ALTER TABLE `applicants`
  ADD PRIMARY KEY (`Applicants_ID`);

--
-- Indexes for table `application_info`
--
ALTER TABLE `application_info`
  ADD PRIMARY KEY (`Open_ID`,`Position_ID`,`Round_No`,`Office_ID`,`Applicants_ID`),
  ADD KEY `FK_App_INFO_Position_No` (`Position_ID`),
  ADD KEY `FK_App_INFO_Round_No` (`Round_No`),
  ADD KEY `FK_App_INFO_Office_ID` (`Office_ID`),
  ADD KEY `FK_App_INFO_Applicants_ID` (`Applicants_ID`);

--
-- Indexes for table `certificate`
--
ALTER TABLE `certificate`
  ADD PRIMARY KEY (`Cer_ID`,`Applicants_ID`),
  ADD KEY `FK_CER_App` (`Applicants_ID`);

--
-- Indexes for table `documents`
--
ALTER TABLE `documents`
  ADD PRIMARY KEY (`Doc_ID`,`Applicants_ID`),
  ADD KEY `FK_Doc_App` (`Applicants_ID`);

--
-- Indexes for table `documents_info`
--
ALTER TABLE `documents_info`
  ADD PRIMARY KEY (`Doc_ID`);

--
-- Indexes for table `education`
--
ALTER TABLE `education`
  ADD PRIMARY KEY (`Edu_Name`,`Applicants_ID`),
  ADD KEY `FK_EDU_App` (`Applicants_ID`);

--
-- Indexes for table `employee_history`
--
ALTER TABLE `employee_history`
  ADD PRIMARY KEY (`Employee_ID`,`Applicants_ID`),
  ADD KEY `FK_EMHIS_App` (`Applicants_ID`);

--
-- Indexes for table `family`
--
ALTER TABLE `family`
  ADD PRIMARY KEY (`Fam_ID`,`Applicants_ID`),
  ADD KEY `FK_FAM_App` (`Applicants_ID`);

--
-- Indexes for table `job_history`
--
ALTER TABLE `job_history`
  ADD PRIMARY KEY (`Place`,`Applicants_ID`),
  ADD KEY `FK_JOBHIS_App` (`Applicants_ID`);

--
-- Indexes for table `office`
--
ALTER TABLE `office`
  ADD PRIMARY KEY (`Office_ID`);

--
-- Indexes for table `opens`
--
ALTER TABLE `opens`
  ADD PRIMARY KEY (`Open_ID`,`Position_ID`,`Round_No`,`Office_ID`),
  ADD KEY `FK_OPENS_POSITION` (`Position_ID`),
  ADD KEY `FK_Open_Round_NO` (`Round_No`),
  ADD KEY `FK_Open_Office` (`Office_ID`);

--
-- Indexes for table `phone`
--
ALTER TABLE `phone`
  ADD PRIMARY KEY (`Phone_Number`,`Applicants_ID`),
  ADD KEY `FK_Phone_App` (`Applicants_ID`);

--
-- Indexes for table `position`
--
ALTER TABLE `position`
  ADD PRIMARY KEY (`Position_ID`);

--
-- Indexes for table `round`
--
ALTER TABLE `round`
  ADD PRIMARY KEY (`Round_No`);

--
-- Indexes for table `skill_computer`
--
ALTER TABLE `skill_computer`
  ADD PRIMARY KEY (`Computer_ID`,`Applicants_ID`),
  ADD KEY `FK_Skill_Com_App` (`Applicants_ID`);

--
-- Indexes for table `skill_info_computer`
--
ALTER TABLE `skill_info_computer`
  ADD PRIMARY KEY (`Computer_ID`);

--
-- Indexes for table `skill_info_language`
--
ALTER TABLE `skill_info_language`
  ADD PRIMARY KEY (`Language_ID`);

--
-- Indexes for table `skill_language`
--
ALTER TABLE `skill_language`
  ADD PRIMARY KEY (`Language_ID`,`Applicants_ID`),
  ADD KEY `FK_Skill_Lan_App` (`Applicants_ID`);

--
-- Indexes for table `training_info`
--
ALTER TABLE `training_info`
  ADD PRIMARY KEY (`Training_By`,`Course`,`Applicants_ID`),
  ADD KEY `FK_Train_App` (`Applicants_ID`);

--
-- AUTO_INCREMENT for dumped tables
--

--
-- AUTO_INCREMENT for table `applicants`
--
ALTER TABLE `applicants`
  MODIFY `Applicants_ID` int(3) NOT NULL AUTO_INCREMENT, AUTO_INCREMENT=101;

--
-- AUTO_INCREMENT for table `application_info`
--
ALTER TABLE `application_info`
  MODIFY `Open_ID` int(3) NOT NULL AUTO_INCREMENT, AUTO_INCREMENT=13;

--
-- AUTO_INCREMENT for table `documents`
--
ALTER TABLE `documents`
  MODIFY `Doc_ID` int(1) NOT NULL AUTO_INCREMENT, AUTO_INCREMENT=3;

--
-- AUTO_INCREMENT for table `documents_info`
--
ALTER TABLE `documents_info`
  MODIFY `Doc_ID` int(1) NOT NULL AUTO_INCREMENT, AUTO_INCREMENT=3;

--
-- AUTO_INCREMENT for table `employee_history`
--
ALTER TABLE `employee_history`
  MODIFY `Employee_ID` int(4) NOT NULL AUTO_INCREMENT, AUTO_INCREMENT=9149;

--
-- AUTO_INCREMENT for table `family`
--
ALTER TABLE `family`
  MODIFY `Fam_ID` int(2) NOT NULL AUTO_INCREMENT, AUTO_INCREMENT=101;

--
-- AUTO_INCREMENT for table `office`
--
ALTER TABLE `office`
  MODIFY `Office_ID` int(2) NOT NULL AUTO_INCREMENT, AUTO_INCREMENT=78;

--
-- AUTO_INCREMENT for table `opens`
--
ALTER TABLE `opens`
  MODIFY `Open_ID` int(3) NOT NULL AUTO_INCREMENT, AUTO_INCREMENT=13;

--
-- AUTO_INCREMENT for table `phone`
--
ALTER TABLE `phone`
  MODIFY `Phone_Number` int(10) NOT NULL AUTO_INCREMENT, AUTO_INCREMENT=987654322;

--
-- AUTO_INCREMENT for table `position`
--
ALTER TABLE `position`
  MODIFY `Position_ID` int(2) NOT NULL AUTO_INCREMENT, AUTO_INCREMENT=7;

--
-- AUTO_INCREMENT for table `round`
--
ALTER TABLE `round`
  MODIFY `Round_No` int(3) NOT NULL AUTO_INCREMENT, AUTO_INCREMENT=61;

--
-- AUTO_INCREMENT for table `skill_computer`
--
ALTER TABLE `skill_computer`
  MODIFY `Computer_ID` int(1) NOT NULL AUTO_INCREMENT, AUTO_INCREMENT=6;

--
-- AUTO_INCREMENT for table `skill_info_computer`
--
ALTER TABLE `skill_info_computer`
  MODIFY `Computer_ID` int(1) NOT NULL AUTO_INCREMENT, AUTO_INCREMENT=6;

--
-- Constraints for dumped tables
--

--
-- Constraints for table `application_info`
--
ALTER TABLE `application_info`
  ADD CONSTRAINT `FK_App_INFO_Applicants_ID` FOREIGN KEY (`Applicants_ID`) REFERENCES `applicants` (`Applicants_ID`),
  ADD CONSTRAINT `FK_App_INFO_Office_ID` FOREIGN KEY (`Office_ID`) REFERENCES `opens` (`Office_ID`),
  ADD CONSTRAINT `FK_App_INFO_Open_ID` FOREIGN KEY (`Open_ID`) REFERENCES `opens` (`Open_ID`),
  ADD CONSTRAINT `FK_App_INFO_Position_No` FOREIGN KEY (`Position_ID`) REFERENCES `opens` (`Position_ID`),
  ADD CONSTRAINT `FK_App_INFO_Round_No` FOREIGN KEY (`Round_No`) REFERENCES `opens` (`Round_No`);

--
-- Constraints for table `certificate`
--
ALTER TABLE `certificate`
  ADD CONSTRAINT `FK_CER_App` FOREIGN KEY (`Applicants_ID`) REFERENCES `applicants` (`Applicants_ID`);

--
-- Constraints for table `documents`
--
ALTER TABLE `documents`
  ADD CONSTRAINT `FK_Doc_App` FOREIGN KEY (`Applicants_ID`) REFERENCES `applicants` (`Applicants_ID`),
  ADD CONSTRAINT `FK_Doc_Id` FOREIGN KEY (`Doc_ID`) REFERENCES `documents_info` (`Doc_ID`);

--
-- Constraints for table `education`
--
ALTER TABLE `education`
  ADD CONSTRAINT `FK_EDU_App` FOREIGN KEY (`Applicants_ID`) REFERENCES `applicants` (`Applicants_ID`);

--
-- Constraints for table `employee_history`
--
ALTER TABLE `employee_history`
  ADD CONSTRAINT `FK_EMHIS_App` FOREIGN KEY (`Applicants_ID`) REFERENCES `applicants` (`Applicants_ID`);

--
-- Constraints for table `family`
--
ALTER TABLE `family`
  ADD CONSTRAINT `FK_FAM_App` FOREIGN KEY (`Applicants_ID`) REFERENCES `applicants` (`Applicants_ID`);

--
-- Constraints for table `job_history`
--
ALTER TABLE `job_history`
  ADD CONSTRAINT `FK_JOBHIS_App` FOREIGN KEY (`Applicants_ID`) REFERENCES `applicants` (`Applicants_ID`);

--
-- Constraints for table `opens`
--
ALTER TABLE `opens`
  ADD CONSTRAINT `FK_OPENS_POSITION` FOREIGN KEY (`Position_ID`) REFERENCES `position` (`Position_ID`),
  ADD CONSTRAINT `FK_Open_Office` FOREIGN KEY (`Office_ID`) REFERENCES `office` (`Office_ID`),
  ADD CONSTRAINT `FK_Open_Round_NO` FOREIGN KEY (`Round_No`) REFERENCES `round` (`Round_No`);

--
-- Constraints for table `phone`
--
ALTER TABLE `phone`
  ADD CONSTRAINT `FK_Phone_App` FOREIGN KEY (`Applicants_ID`) REFERENCES `applicants` (`Applicants_ID`);

--
-- Constraints for table `skill_computer`
--
ALTER TABLE `skill_computer`
  ADD CONSTRAINT `FK_Skill_Com_App` FOREIGN KEY (`Applicants_ID`) REFERENCES `applicants` (`Applicants_ID`),
  ADD CONSTRAINT `FK_Skill_Com_Id` FOREIGN KEY (`Computer_ID`) REFERENCES `skill_info_computer` (`Computer_ID`);

--
-- Constraints for table `skill_language`
--
ALTER TABLE `skill_language`
  ADD CONSTRAINT `FK_Skill_Lan_App` FOREIGN KEY (`Applicants_ID`) REFERENCES `applicants` (`Applicants_ID`),
  ADD CONSTRAINT `FK_Sklii_Lan_ID` FOREIGN KEY (`Language_ID`) REFERENCES `skill_info_language` (`Language_ID`);

--
-- Constraints for table `training_info`
--
ALTER TABLE `training_info`
  ADD CONSTRAINT `FK_Train_App` FOREIGN KEY (`Applicants_ID`) REFERENCES `applicants` (`Applicants_ID`);
COMMIT;

/*!40101 SET CHARACTER_SET_CLIENT=@OLD_CHARACTER_SET_CLIENT */;
/*!40101 SET CHARACTER_SET_RESULTS=@OLD_CHARACTER_SET_RESULTS */;
/*!40101 SET COLLATION_CONNECTION=@OLD_COLLATION_CONNECTION */;
