model_id,model_name,algorithm_family,inductive_bias,imbalance_handling,key_hyperparameters,primary_role
dummy_baseline,Dummy Baseline,Baseline,Prior class frequency,None; reference only,"{""strategy"": ""prior""}",Null baseline
logistic_reg_c01,"Logistic Regression (C=0.1, Balanced)",Linear,Linear log-odds,Class weighting or natural prevalence,"{""C"": 0.1, ""class_weight"": ""balanced""}",Interpretable linear benchmark
logistic_reg_c10,"Logistic Regression (C=1.0, Balanced)",Linear,Linear log-odds,Class weighting or natural prevalence,"{""C"": 1.0, ""class_weight"": ""balanced""}",Interpretable linear benchmark
logistic_reg_unweighted,"Logistic Regression (C=1.0, Unweighted)",Linear,Linear log-odds,Class weighting or natural prevalence,"{""C"": 1.0, ""class_weight"": null}",Interpretable linear benchmark
sgd_elasticnet,SGD Classifier (ElasticNet),Linear / Sparse,Sparse stochastic linear model,Threshold optimization,"{""alpha"": 0.0001, ""loss"": ""log_loss"", ""penalty"": ""elasticnet""}",Scalable sparse benchmark
gaussian_naive_bayes,Gaussian Naive Bayes,Probabilistic,Conditional Gaussian independence,Empirical priors and threshold optimization,"{""var_smoothing"": 1e-08}",Fast generative benchmark
linear_svm_calibrated,Calibrated Linear SVM,Max-Margin,Maximum-margin linear boundary,Balanced weights and probability calibration,"{""C"": 0.1, ""calibration"": ""sigmoid"", ""calibration_cv"": 3, ""class_weight"": ""balanced""}",Margin-based benchmark
decision_tree_d10,Decision Tree (Depth=10),Single Tree,Axis-aligned decision rules,Balanced class weights,"{""class_weight"": ""balanced"", ""max_depth"": 10, ""min_samples_leaf"": 20}",Interpretable non-linear benchmark
random_forest_d10,"Random Forest (Depth=10, 100 Trees)",Bagging Ensemble,Bootstrap-averaged randomized trees,Balanced bootstrap weights,"{""class_weight"": ""balanced_subsample"", ""max_depth"": 10, ""min_samples_leaf"": 20, ""n_estimators"": 100}",Non-linear bagging ensemble
random_forest_d15,"Random Forest (Depth=15, 100 Trees)",Bagging Ensemble,Bootstrap-averaged randomized trees,Balanced bootstrap weights,"{""class_weight"": ""balanced_subsample"", ""max_depth"": 15, ""min_samples_leaf"": 10, ""n_estimators"": 100}",Non-linear bagging ensemble
extra_trees_d15,"Extra Trees (Depth=15, 150 Trees)",Randomized Tree Ensemble,Fully randomized split thresholds,Balanced class weights,"{""class_weight"": ""balanced"", ""max_depth"": 15, ""min_samples_leaf"": 10, ""n_estimators"": 150}",High-randomization tree ensemble
hist_gbdt_lr05,"HistGradientBoosting (lr=0.05, max_iter=150)",Boosting Ensemble,Sequential histogram tree corrections,Balanced class weights,"{""class_weight"": ""balanced"", ""learning_rate"": 0.05, ""max_iter"": 150}",Non-linear boosting ensemble
hist_gbdt_lr10,"HistGradientBoosting (lr=0.10, max_iter=150)",Boosting Ensemble,Sequential histogram tree corrections,Balanced class weights,"{""class_weight"": ""balanced"", ""learning_rate"": 0.1, ""max_iter"": 150}",Non-linear boosting ensemble
mlp_neural_net,"Multi-Layer Perceptron (64, 32)",Neural Network,Layered non-linear representation,Threshold optimization,"{""early_stopping"": true, ""hidden_layer_sizes"": ""(64, 32)""}",Neural representation benchmark
