feature,count,missing_pct,mean,std,min,p25,median,p75,max,skewness
n_courses,335650,0.0,1.2421,0.6301,1.0,1.0,1.0,1.0,15.0,4.2837
unique_courses,335650,0.0,1.2324,0.6093,1.0,1.0,1.0,1.0,13.0,4.1164
n_institutes,335650,0.0,1.0874,0.2825,1.0,1.0,1.0,1.0,2.0,2.921
date_inversion_records,335650,0.0,0.0037,0.0638,0.0,0.0,0.0,0.0,4.0,19.589
total_courses_viewed,335650,0.0,0.8828,0.6903,0.0,0.0,1.0,1.0,14.0,1.5455
view_rate,335650,0.0,0.7135,0.4347,0.0,0.0,1.0,1.0,1.0,-0.9446
total_events,335650,0.0,467.8921,1610.3335,0.0,3.0,27.0,182.0,53180.0,7.5421
mean_events_per_course,335650,0.0,365.9122,1258.4143,0.0,3.0,24.0,150.0,53180.0,7.5528
max_events_single_course,335650,0.0,438.4172,1467.9125,0.0,3.0,26.0,173.0,53180.0,6.8492
total_active_days,335650,0.0,6.4973,13.9252,0.0,1.0,2.0,5.0,582.0,6.1394
mean_active_days_per_course,335650,0.0,5.0247,10.023,0.0,1.0,2.0,4.0,159.0,4.9044
max_active_days_single_course,335650,0.0,5.7226,11.5981,0.0,1.0,2.0,5.0,205.0,4.5615
total_video_plays,144917,56.82,120.7019,386.9314,1.0,5.0,20.0,78.0,39057.0,17.9487
mean_video_plays_per_course,144917,56.82,104.4968,319.5611,1.0,5.0,18.0,70.6667,17314.0,11.6946
video_missing_records,335650,0.0,0.7613,0.6869,0.0,0.0,1.0,1.0,14.0,1.5596
video_data_available_rate,335650,0.0,0.3881,0.466,0.0,0.0,0.0,1.0,1.0,0.4594
total_chapters,335650,0.0,3.303,5.5935,0.0,0.0,2.0,3.0,149.0,4.0325
mean_chapters_per_course,335650,0.0,2.5903,4.0333,0.0,0.0,1.5,3.0,47.0,3.4909
max_chapters_single_course,335650,0.0,2.9225,4.579,0.0,0.0,2.0,3.0,48.0,3.2783
total_forum_posts,335650,0.0,0.0229,0.2155,0.0,0.0,0.0,0.0,13.0,14.1303
age,335437,0.06,27.2248,8.7851,1.0,22.0,25.0,30.0,82.0,1.8638
age_missing_records,335650,0.0,0.0007,0.029,0.0,0.0,0.0,0.0,2.0,44.6281
overall_span_days,335650,0.0,54.4957,83.3532,0.0,0.0,10.0,77.0,481.0,1.836
overall_span_missing,335650,0.0,0.0016,0.04,0.0,0.0,0.0,0.0,1.0,24.9177
event_intensity,335650,0.0,35.0181,57.3264,0.0,2.2056,12.0,45.25,5323.3333,7.3957
video_play_ratio,335650,0.0,0.1361,1.5352,0.0,0.0,0.0,0.1145,353.0,64.9663
chapter_intensity,335650,0.0,0.7325,1.0203,0.0,0.0,0.5,1.0,33.0,5.4936
has_forum_activity,335650,0.0,0.0156,0.1239,0.0,0.0,0.0,0.0,1.0,7.8188
has_multiple_courses,335650,0.0,0.1752,0.3801,0.0,0.0,0.0,0.0,1.0,1.7092
