feature,point_biserial_corr,corr_p_value,mean_non_completers,mean_completers,median_non_completers,median_completers,mann_whitney_u_stat,mann_whitney_p_val,leakage_flag,screening_decision
max_active_days_single_course,0.6923,0.0,4.05,44.38,2.0,41.0,98804143.0,0.0,False,Approved
mean_active_days_per_course,0.6694,0.0,3.63,37.33,2.0,32.5,98560804.5,0.0,False,Approved
total_active_days,0.6548,0.0,4.6,50.4,2.0,44.0,98589889.5,0.0,False,Approved
max_events_single_course,0.6452,0.0,241.71,4998.26,22.0,4340.0,97881134.0,0.0,False,Approved
max_chapters_single_course,0.6363,0.0,2.32,16.95,2.0,16.0,99439827.0,0.0,False,Approved
total_events,0.6358,0.0,255.24,5397.37,23.0,4580.0,97855295.0,0.0,False,Approved
mean_events_per_course,0.6155,0.0,205.03,4095.22,20.5,3122.0,97691877.0,0.0,False,Approved
mean_chapters_per_course,0.6147,0.0,2.08,14.53,1.0,13.0,98889259.5,0.0,False,Approved
total_chapters,0.6068,0.0,2.6,19.64,2.0,17.0,99029919.0,0.0,False,Approved
mean_video_plays_per_course,0.4157,0.0,66.97,574.79,16.0,342.0,148082436.5,0.0,False,Approved
total_video_plays,0.4081,0.0,76.1,679.76,17.0,411.0,148639960.0,0.0,False,Approved
overall_span_days,0.2848,0.0,49.57,168.79,8.0,154.0,88984082.0,0.0,False,Approved
event_intensity,0.2684,0.0,31.82,109.09,11.0,102.68,87949833.0,0.0,False,Approved
total_courses_viewed,0.1726,0.0,0.86,1.46,1.0,1.0,71503144.5,0.0,False,Approved
view_rate,0.127,0.0,0.7,0.98,1.0,1.0,65678865.0,1.6739300491500444e-178,False,Approved
video_data_available_rate,0.1257,0.0,0.38,0.67,0.0,1.0,67484727.5,6.084316017214966e-193,False,Approved
has_forum_activity,0.1075,0.0,0.01,0.08,0.0,0.0,53702771.5,3.403459885823531e-114,False,Approved
total_forum_posts,0.1013,0.0,0.02,0.13,0.0,0.0,53705914.5,2.063077509830271e-114,False,Approved
has_multiple_courses,0.0928,0.0,0.17,0.34,0.0,0.0,59607443.5,8.426644567838516e-99,False,Approved
unique_courses,0.0905,0.0,1.22,1.5,1.0,1.0,59783203.0,4.356240178936638e-104,False,Approved
n_courses,0.0889,0.0,1.23,1.51,1.0,1.0,59831898.0,6.42811793018046e-103,False,Approved
n_institutes,0.0817,0.0,1.08,1.2,1.0,1.0,57163586.0,3.561292755344118e-95,False,Approved
date_inversion_records,0.0012,0.4891160856015867,0.0,0.0,0.0,0.0,50538165.0,0.8957528591836459,False,Approved
age,-0.0047,0.006555894413353645,27.23,27.03,25.0,25.0,49182620.5,0.5081633076452841,False,Approved
age_missing_records,-0.0051,0.002916224423463598,0.0,0.0,0.0,0.0,50519396.5,0.28425356757169307,False,Approved
overall_span_missing,-0.0079,4.12851992384131e-06,0.0,0.0,0.0,0.0,50456066.5,0.05133257403363192,False,Approved
video_play_ratio,-0.0092,8.494391741124073e-08,0.14,0.07,0.0,0.05,61767301.0,1.8811717616838053e-81,False,Approved
chapter_intensity,-0.024,7.684106470420141e-44,0.74,0.61,0.5,0.38,49798789.0,0.24186819907422952,False,Approved
video_missing_records,-0.0654,2.1400681876e-314,0.77,0.55,1.0,0.0,39845239.0,2.3217357351782864e-78,False,Approved
