model_id,model_name,family,val_roc_auc,val_pr_auc,val_brier_score,optimal_threshold,val_f1_optimal,val_precision_optimal,val_recall_optimal,val_f1_default,train_duration_sec,status
random_forest_d15,"Random Forest (Depth=15, 100 Trees)",Bagging Ensemble,0.9931,0.8529,0.0219,0.8404,0.8014,0.7483,0.8626,0.7308,3.79,Success
hist_gbdt_lr10,"HistGradientBoosting (lr=0.10, max_iter=150)",Boosting Ensemble,0.9934,0.8512,0.0278,0.9384,0.802,0.7661,0.8415,0.6862,1.8,Success
hist_gbdt_lr05,"HistGradientBoosting (lr=0.05, max_iter=150)",Boosting Ensemble,0.9934,0.851,0.0279,0.9325,0.8011,0.7589,0.8482,0.6882,3.28,Success
mlp_neural_net,"Multi-Layer Perceptron (64, 32)",Neural Network,0.9929,0.8459,0.013,0.3829,0.7896,0.7434,0.842,0.782,21.45,Success
random_forest_d10,"Random Forest (Depth=10, 100 Trees)",Bagging Ensemble,0.9927,0.8372,0.0284,0.8855,0.7923,0.7316,0.8641,0.6712,3.62,Success
extra_trees_d15,"Extra Trees (Depth=15, 150 Trees)",Randomized Tree Ensemble,0.9923,0.8362,0.0335,0.882,0.7847,0.7301,0.8482,0.636,4.03,Success
logistic_reg_unweighted,"Logistic Regression (C=1.0, Unweighted)",Linear,0.9903,0.8162,0.0147,0.4047,0.7614,0.7294,0.7963,0.7466,2.93,Success
decision_tree_d10,Decision Tree (Depth=10),Single Tree,0.9829,0.8021,0.0319,0.9378,0.7743,0.7323,0.8213,0.643,1.22,Success
logistic_reg_c10,"Logistic Regression (C=1.0, Balanced)",Linear,0.9906,0.7956,0.037,0.9441,0.759,0.7314,0.7887,0.6256,5.16,Success
sgd_elasticnet,SGD Classifier (ElasticNet),Linear / Sparse,0.9887,0.7938,0.0159,0.3249,0.7514,0.6963,0.816,0.7359,1.74,Success
linear_svm_calibrated,Calibrated Linear SVM,Max-Margin,0.9906,0.7934,0.015,0.3978,0.7601,0.7274,0.7959,0.736,3.89,Success
logistic_reg_c01,"Logistic Regression (C=0.1, Balanced)",Linear,0.9899,0.7848,0.0388,0.932,0.7531,0.7068,0.806,0.6109,3.71,Success
gaussian_naive_bayes,Gaussian Naive Bayes,Probabilistic,0.9674,0.4604,0.111,1.0,0.6131,0.4793,0.8506,0.4128,0.1,Success
dummy_baseline,Dummy Baseline,Baseline,0.5,0.0414,0.0396,0.0414,0.0794,0.0414,1.0,0.0,0.0,Success
