model_id,model_name,family,test_roc_auc,test_pr_auc,test_brier_score,optimal_threshold,test_f1_optimal,test_precision_optimal,test_recall_optimal,test_accuracy_optimal,test_f1_default,test_precision_default,test_recall_default,test_balanced_acc
random_forest_d15,"Random Forest (Depth=15, 100 Trees)",Bagging Ensemble,0.9933,0.8476,0.0216,0.8404,0.7889,0.7422,0.842,0.9814,0.7338,0.5972,0.9515,0.9147
hist_gbdt_lr10,"HistGradientBoosting (lr=0.10, max_iter=150)",Boosting Ensemble,0.9934,0.8461,0.027,0.9384,0.7966,0.767,0.8285,0.9825,0.6943,0.5395,0.9736,0.9088
hist_gbdt_lr05,"HistGradientBoosting (lr=0.05, max_iter=150)",Boosting Ensemble,0.9934,0.8456,0.0271,0.9325,0.7947,0.7537,0.8405,0.982,0.6943,0.5392,0.9745,0.9143
mlp_neural_net,"Multi-Layer Perceptron (64, 32)",Neural Network,0.9929,0.8386,0.0132,0.3829,0.7862,0.7524,0.8232,0.9815,0.7701,0.7827,0.7579,0.9058
extra_trees_d15,"Extra Trees (Depth=15, 150 Trees)",Randomized Tree Ensemble,0.9923,0.8342,0.033,0.882,0.781,0.7297,0.8401,0.9805,0.6411,0.4764,0.9798,0.9133
random_forest_d10,"Random Forest (Depth=10, 100 Trees)",Bagging Ensemble,0.9928,0.834,0.0279,0.8855,0.7794,0.7213,0.8477,0.9802,0.6796,0.5211,0.9765,0.9168
logistic_reg_unweighted,"Logistic Regression (C=1.0, Unweighted)",Linear,0.9901,0.8035,0.015,0.4047,0.7474,0.7173,0.78,0.9782,0.7363,0.7592,0.7147,0.8834
decision_tree_d10,Decision Tree (Depth=10),Single Tree,0.9816,0.795,0.0314,0.9378,0.7699,0.731,0.8132,0.9799,0.6488,0.4861,0.975,0.9001
sgd_elasticnet,SGD Classifier (ElasticNet),Linear / Sparse,0.9889,0.7846,0.0162,0.3249,0.7453,0.6895,0.8108,0.9771,0.7282,0.734,0.7224,0.8975
logistic_reg_c10,"Logistic Regression (C=1.0, Balanced)",Linear,0.9904,0.7806,0.0366,0.9441,0.7433,0.7126,0.7767,0.9778,0.6246,0.46,0.9726,0.8816
linear_svm_calibrated,Calibrated Linear SVM,Max-Margin,0.9903,0.7783,0.0154,0.3978,0.7488,0.7155,0.7853,0.9782,0.7226,0.7474,0.6993,0.8859
logistic_reg_c01,"Logistic Regression (C=0.1, Balanced)",Linear,0.9898,0.7707,0.0382,0.932,0.7476,0.7008,0.8012,0.9776,0.6134,0.4473,0.976,0.8932
gaussian_naive_bayes,Gaussian Naive Bayes,Probabilistic,0.9667,0.4524,0.1108,1.0,0.6029,0.4732,0.8305,0.9548,0.4126,0.2624,0.9649,0.8953
dummy_baseline,Dummy Baseline,Baseline,0.5,0.0414,0.0396,0.0414,0.0,0.0,0.0,0.9586,0.0,0.0,0.0,0.5
