model_family,parameter,status,runtime_seconds,requested_k,cluster_count,noise_pct,smallest_cluster_pct,largest_cluster_pct,silhouette,davies_bouldin,calinski_harabasz,perturbation_ari,eligible,mean_rank,screening_winner
K-Medoids,not run,not_evaluated: sklearn-extra is not installed; an approximate substitute is not ranked as genuine K-Medoids,0.0,,,,,,,,,,False,,False
K-Means,2,success,0.37727445899508893,2.0,2.0,0.0,45.25,54.75,0.506055651943732,0.7228962362173825,6486.145638411854,0.9910173199553985,True,6.4,False
K-Means,3,success,0.30751145794056356,3.0,3.0,0.0,28.425,36.4,0.4337741174801347,0.8670873700245775,6064.979064750811,0.9850139092122392,True,7.6,False
K-Means,4,success,0.3740284579107538,4.0,4.0,0.0,16.400000000000002,33.825,0.43338484241181613,0.9305747276707513,5556.549851885431,0.9835842782945858,True,9.0,False
K-Means,5,success,0.3976257500471547,5.0,5.0,0.0,14.475,28.225,0.4240660454445742,0.8853594975433975,5348.021604317561,0.9860139741391514,True,8.0,False
K-Means,6,success,0.35158995899837464,6.0,6.0,0.0,10.225,27.200000000000003,0.38982558290323077,1.0072523475874204,4908.035736609954,0.9784712150980679,True,11.7,False
K-Means,7,success,0.4593506249366328,7.0,7.0,0.0,8.825,22.8,0.3829349001803186,0.9938984110729658,4717.897112543975,0.9793475292717748,True,9.9,False
K-Means,8,success,0.4636295409873128,8.0,8.0,0.0,7.9,22.8,0.3790898550255506,1.026344927399117,4429.657200597021,0.9761155196885453,True,12.1,False
K-Means,9,success,0.39536037505604327,9.0,9.0,0.0,6.575,20.599999999999998,0.3599440327681107,1.0391411085457771,4236.972051706038,0.8865778485285101,True,14.2,False
K-Means,10,success,0.4728702499996871,10.0,10.0,0.0,5.375,20.525,0.3578336745763875,1.0351384519394826,4124.997548497623,0.7145259832300493,True,15.6,False
MiniBatch K-Means,2,success,0.22752954193856567,2.0,2.0,0.0,43.65,56.35,0.5059226190043797,0.720788737248498,6475.802604837414,0.9311988237172166,True,9.2,False
MiniBatch K-Means,3,success,0.27395800000522286,3.0,3.0,0.0,25.825,38.550000000000004,0.43319410242310824,0.8572392415724792,6031.672812591775,0.9762350235809644,True,9.4,False
MiniBatch K-Means,4,success,0.28492608305532485,4.0,4.0,0.0,15.725,34.35,0.43531285313658136,0.9258471612859613,5550.871691978083,0.9626127830791946,True,10.0,False
MiniBatch K-Means,5,success,0.3146650840062648,5.0,5.0,0.0,15.775,30.45,0.41960220375899426,0.9195429184584519,5304.236035357069,0.8334096214211136,True,12.2,False
MiniBatch K-Means,6,success,0.2625316670164466,6.0,6.0,0.0,10.05,29.7,0.38158885145623367,0.9932521327509513,4621.664752727169,0.6853034775173947,True,16.4,False
MiniBatch K-Means,7,success,0.23268925002776086,7.0,7.0,0.0,9.8,27.200000000000003,0.3692732460085574,1.089253515309958,4398.645606093477,0.6682335206013306,True,18.9,False
MiniBatch K-Means,8,success,0.27143470803275704,8.0,8.0,0.0,6.375,23.35,0.35411071171128294,1.1030299328331268,4179.448729922161,0.6919576887087072,True,18.4,False
MiniBatch K-Means,9,success,0.27870879194233567,9.0,9.0,0.0,4.775,21.3,0.35707168489124547,1.072453343037842,4081.860766628906,0.6896528614313767,True,17.2,False
MiniBatch K-Means,10,success,0.3024625830585137,10.0,10.0,0.0,0.975,19.35,0.3400521202832911,0.9819388283608019,3999.4462779072633,0.6482165241997195,False,,False
GMM,2,success,0.20427383296191692,2.0,2.0,0.0,18.475,81.525,0.4031710576659786,0.6635972075811898,2985.8610755146487,0.92434459716988,True,16.0,False
GMM,3,success,0.32548737502656877,3.0,3.0,0.0,13.850000000000001,62.525,0.2742279198769891,0.7554173557424065,3052.7470087406064,0.9449848294625096,True,19.0,False
GMM,4,success,0.288818166940473,4.0,4.0,0.0,10.549999999999999,44.2,0.2982503474766853,0.9503185886768982,3401.993093564078,0.9338147357874842,True,19.4,False
GMM,5,success,0.42882466700393707,5.0,5.0,0.0,1.525,36.675000000000004,0.35584358959364665,1.1232055689559501,3188.6646579414796,0.9824394744593961,True,19.4,False
GMM,6,success,0.38422720797825605,6.0,6.0,0.0,1.55,22.625,0.3497766909852665,1.1118203719757231,3450.7684763969164,0.7685025486979076,True,18.6,False
GMM,7,success,0.413973749964498,7.0,7.0,0.0,1.525,26.375,0.23698497221679896,1.712786676503345,3140.386877646207,0.5834140724637975,False,,False
GMM,8,success,0.399698790977709,8.0,8.0,0.0,1.525,25.55,0.2321349046184122,1.5586507251637332,3150.631289973044,0.8432258364657307,True,21.0,False
GMM,9,success,0.5197489579441026,9.0,9.0,0.0,1.525,26.05,0.17156789128998085,1.5091193624019539,2297.1773120315283,0.6601631015886684,True,24.0,False
GMM,10,success,0.5289882919751108,10.0,10.0,0.0,1.525,24.099999999999998,0.14312431029170103,1.6401326520152744,2104.4150570397887,0.8101224012349995,True,22.6,False
BIRCH,2,success,0.21276829100679606,2.0,2.0,0.0,40.475,59.52499999999999,0.32439770400514273,1.0726643302505376,2811.0601019094215,0.21351913474429848,False,,False
BIRCH,3,success,0.24522208294365555,3.0,3.0,0.0,19.25,40.475,0.28339466614617637,1.4273562220325482,2810.5785925606633,0.3533715264434277,False,,False
BIRCH,4,success,0.21800054190680385,4.0,4.0,0.0,19.25,40.275,0.33044775853560765,1.3495846496401582,3278.3221834821466,0.4689142319106368,False,,False
BIRCH,5,success,0.20263483293820173,5.0,5.0,0.0,0.5,40.275,0.3332711353739309,1.323112225434611,2548.304865065654,0.47161166057722304,False,,False
BIRCH,6,success,0.1980375830316916,6.0,6.0,0.0,0.5,40.275,0.2861442863998096,1.1485836174474158,2684.865330636184,0.48815513589198917,False,,False
BIRCH,7,success,0.21421274996828288,7.0,7.0,0.0,0.5,38.574999999999996,0.27082241744857266,1.1699256365490618,2355.301563232628,0.49820446286652637,False,,False
BIRCH,8,success,0.2443079580552876,8.0,8.0,0.0,0.5,38.574999999999996,0.27810362229413166,1.113024924000215,2284.3984110954716,0.6088787470115437,False,,False
BIRCH,9,success,0.22496095800306648,9.0,9.0,0.0,0.5,38.574999999999996,0.27419913209925045,1.0598400514605277,2132.91888348319,0.609507735139032,False,,False
BIRCH,10,success,0.28354799991939217,10.0,10.0,0.0,0.5,38.574999999999996,0.2795600715478842,1.0263357470354069,2002.53350196045,0.6698611733535904,False,,False
HAC-Ward,2,success,0.49740608304273337,2.0,2.0,0.0,26.825,73.175,0.3810733251675327,0.6878790520243887,3179.1041363744616,0.6059266087194661,True,19.4,False
HAC-Ward,3,success,0.4629298329818994,3.0,3.0,0.0,18.025,55.15,0.34804309165368624,0.757401546685891,4264.476505111396,0.5852266289213215,False,,False
HAC-Ward,4,success,0.44912712497171015,4.0,4.0,0.0,18.025,28.175,0.34952142271594583,1.138251257876005,4421.629047369438,0.5915347521196087,False,,False
HAC-Ward,5,success,0.4395127500174567,5.0,5.0,0.0,12.125,26.974999999999998,0.3995158102526942,0.8984839852790895,4710.505352758088,0.7452699476100576,True,12.5,False
HAC-Ward,6,success,0.45011620805598795,6.0,6.0,0.0,6.175,26.974999999999998,0.3766648703921581,0.9475656714664229,4249.9745459196765,0.6511045590233437,True,16.9,False
HAC-Ward,7,success,0.4334262909833342,7.0,7.0,0.0,6.175,26.825,0.3514446259395511,1.0883153459984576,3958.179362374327,0.6871186452404873,True,20.0,False
HAC-Ward,8,success,0.4506819170201197,8.0,8.0,0.0,6.175,19.525000000000002,0.3086976840430207,1.0905714572420186,3701.1582594500846,0.5921140670738295,False,,False
HAC-Ward,9,success,0.45777987502515316,9.0,9.0,0.0,6.175,18.175,0.2936182718063857,1.1453516352275022,3537.051749643311,0.5606115016439864,False,,False
HAC-Ward,10,success,0.4539618339622393,10.0,10.0,0.0,0.75,18.175,0.30116149794113306,1.0755106589168348,3396.3000834559025,0.5206908341674481,False,,False
DBSCAN,"(np.float64(0.0424), 10)",success,0.1273067919537425,,21.0,33.7,0.41478129713423834,33.03167420814479,0.2066311280812739,0.773070141271592,1926.4787325790865,0.8921013664516761,False,,False
DBSCAN,"(np.float64(0.0424), 25)",success,0.12357666704338044,,10.0,61.0,1.3461538461538463,54.74358974358975,0.3596185397229129,0.657183185979168,6658.818617349601,0.9160491203793234,False,,False
DBSCAN,"(np.float64(0.0424), 50)",success,0.06815945904236287,,3.0,74.9,24.800796812749006,48.505976095617534,0.661674409852233,0.45264036365363686,59423.82453082737,0.9156326766369733,False,,False
DBSCAN,"(np.float64(0.0561), 10)",success,0.1841378330718726,,9.0,14.6,0.1756440281030445,47.98009367681499,-0.21251817293688788,1.1914743664983236,829.4968402578438,0.9042559042000422,False,,False
DBSCAN,"(np.float64(0.0561), 25)",success,0.1669466249877587,,9.0,38.574999999999996,0.6919006919006919,53.76475376475377,0.06928117167816779,0.8907387089157159,1907.6385739128082,0.9100166521419635,False,,False
DBSCAN,"(np.float64(0.0561), 50)",success,0.10633279196918011,,3.0,65.77499999999999,10.372534696859022,61.8699780861943,0.6644769909255378,0.41666826859067024,25072.214707257568,0.9603806449043691,False,,False
DBSCAN,"(np.float64(0.0846), 10)",success,0.1455421670107171,,3.0,4.35,0.31364349189754315,99.21589127025614,-0.0626960902126287,0.748958470873073,44.9908085900258,0.9448969784254097,False,,False
DBSCAN,"(np.float64(0.0846), 25)",success,0.08121612493414432,,1.0,10.274999999999999,,,,,,0.9013633735732897,False,,False
DBSCAN,"(np.float64(0.0846), 50)",success,0.13464079203549773,,3.0,22.75,4.466019417475728,48.18770226537217,0.3798268604086864,0.8218326514644123,3657.0817918497337,0.943135922952519,False,,False
