k,inertia,silhouette,davies_bouldin,runtime_seconds,silhouette_rank,davies_rank,internal_rank
2,30010.19778028563,0.33571857571018754,1.1661885827854555,0.6649212499614805,12.0,11.0,11.5
3,22862.26962470101,0.3555629413005046,1.1659073102269921,0.4740483329514973,8.0,10.0,9.0
4,17563.77612323292,0.37183792320141873,0.9867330840824433,0.39912779099540785,3.0,2.0,2.5
5,14744.938967650802,0.3824952305976581,0.99861500761882,0.42146837495965883,1.0,3.0,2.0
6,13706.56572946878,0.34119479900066024,1.1158715935386683,0.44460325001273304,11.0,9.0,10.0
7,11225.34177213852,0.36007694835284443,1.0117813254788968,0.3692271659965627,6.0,6.0,6.0
8,10271.523122917251,0.35329357515370724,0.9249939473799222,0.4150340000051074,9.0,1.0,5.0
9,9577.432703539584,0.35920665337331564,1.0035260853927679,0.3570317500270903,7.0,5.0,6.0
10,8726.356074228399,0.36395912231236843,1.0023533753379894,0.35570829099742696,5.0,4.0,4.5
11,8457.883371175147,0.3747673675234976,1.0604964033766822,0.3515668340260163,2.0,8.0,5.0
12,7642.9478740146915,0.3708373655907892,1.0280722955306112,0.409823875001166,4.0,7.0,5.5
13,7868.415361961137,0.3422427996966738,1.2514201170679904,0.4366480419994332,10.0,12.0,11.0
