k,silhouette,davies_bouldin,calinski_harabasz,resample_ari_mean,resample_ari_std,inertia,smallest_cluster_pct,largest_cluster_pct,silhouette_sample_size,metric_sample_size,runtime_seconds,status,gap_statistic,gap_standard_error,eligible_for_selection,rank_silhouette,rank_davies_bouldin,rank_calinski_harabasz,rank_resample_ari,mean_metric_rank,selected_by_gap_one_se,selected_k
2,0.513638366379019,0.714500751478967,19864.713444787703,0.9963136979011431,0.003366343154396341,997.4182118022719,45.05833333333334,54.94166666666666,5000,12000,2.2071917499415576,success,0.7762353748587234,0.005818214260863448,True,1.0,1.0,1.0,1.0,1.0,False,False
3,0.4429597127888104,0.8527282905022654,18909.47988007416,0.9899881076325006,0.00494396576613649,637.9056390684775,28.925,35.88333333333333,5000,12000,2.9516902499599382,success,1.0348942095639222,0.004697233804531497,True,2.0,2.0,2.0,3.0,2.25,False,False
4,0.4402500417174266,0.9248042384872647,17359.295284495798,0.9885571901167076,0.006041783778120002,495.91522039098766,17.008333333333333,34.09166666666666,5000,12000,4.224351792014204,success,1.1066271973101403,0.004474873143179757,True,3.0,4.0,3.0,4.0,3.5,False,False
5,0.4275483351996025,0.8826519886824755,16546.023298574917,0.9934937554221588,0.004801196503369656,406.4065758407172,13.225000000000001,29.291666666666664,5000,12000,5.668128874967806,success,1.1740995454618783,0.005578055750531305,True,4.0,3.0,4.0,2.0,3.25,True,True
6,0.39204268887364635,0.9384849166795215,15155.229360319317,0.9496196668264117,0.11233916858773972,362.0142122503282,10.191666666666666,24.683333333333334,5000,12000,7.259873209055513,success,1.1443572938914564,0.0055783682779073675,True,5.0,5.0,5.0,6.0,5.25,False,False
7,0.3755070026652902,0.9800220947542587,14571.425920823707,0.9684041307188711,0.017064922335622467,319.520155233934,8.291666666666666,24.099999999999998,5000,12000,8.77567687490955,success,1.1682949888947913,0.0029131606574237805,True,6.0,6.0,6.0,5.0,5.75,False,False
8,0.3440317410385229,1.0135061119646998,13627.574161402294,0.9053497134554582,0.08991723031637677,295.8056935456125,7.208333333333333,19.28333333333333,5000,12000,9.740612833062187,success,1.1421805481144585,0.002835798096772305,True,7.0,7.0,7.0,7.0,7.0,False,False
9,0.3381529915461948,1.0398221205095661,13029.935166757765,0.884007091937946,0.06955652074835476,273.2675812072606,6.808333333333333,18.725,5000,12000,9.872075041988865,success,1.1745597689110712,0.004621111350328071,True,8.0,9.0,8.0,8.0,8.25,False,False
10,0.33592227911357275,1.0390664372329326,12616.287548618622,0.8462628341360453,0.07099545101785794,252.98939485499943,6.408333333333334,18.45,5000,12000,11.71234712493606,success,1.213687825821654,0.004508108134194109,True,9.0,8.0,9.0,9.0,8.75,False,False
