algorithm,family,k_requested,deployable,counts_as_distinct_family,status,error,silhouette,davies_bouldin,calinski_harabasz,n_clusters_observed,noise_fraction,smallest_cluster_fraction,resample_stability_ari,runtime_seconds,configuration,mean_internal_rank
kmeans,centroid,4.0,True,True,success,,0.3736794061721835,0.9857621746071945,3193.546226443139,4,0.0,0.01709254143646409,0.9803348067132055,0.7623225830029696,"{""k"": 4}",3.0
kmeans,centroid,5.0,True,True,success,,0.3698869826646684,1.0295832606582669,3124.9634166163532,5,0.0,0.01709254143646409,0.9901467034255539,0.5861665839911439,"{""k"": 5}",5.75
kmeans,centroid,6.0,True,True,success,,0.3641517031805141,0.993645210488577,3161.53259730286,6,0.0,0.01709254143646409,0.9619314116878521,0.8167499999981374,"{""k"": 6}",5.25
kmeans,centroid,12.0,True,True,success,,0.3817396849969653,0.9975844647140003,2839.3307011030965,12,0.0,0.004661602209944752,0.9891344772613397,0.7650309589807875,"{""k"": 12}",4.0
minibatch_kmeans,centroid,4.0,True,False,success,,0.3729830237144966,0.9826349327753183,3173.08921215567,4,0.0,0.01709254143646409,0.9560248613730434,0.059175374975893646,"{""k"": 4}",4.0
minibatch_kmeans,centroid,5.0,True,False,success,,0.3811532483990763,1.0013089767183385,3117.253242955127,5,0.0,0.01709254143646409,0.5613932436346125,0.011987999954726547,"{""k"": 5}",8.25
minibatch_kmeans,centroid,6.0,True,False,success,,0.34917253703437123,1.097104840730929,2866.5016813008824,6,0.0,0.01709254143646409,0.7834395889098478,0.022983707953244448,"{""k"": 6}",11.25
minibatch_kmeans,centroid,12.0,True,False,success,,0.3807797967627675,1.0041068982656842,2818.9527462254673,12,0.0,0.004488950276243094,0.8831519767835619,0.03645200002938509,"{""k"": 12}",7.25
gaussian_mixture_diag,probabilistic,4.0,True,True,success,,0.3641388816682517,1.0840408603165386,2320.298561655864,4,0.0,0.01709254143646409,0.9997142098941378,0.08567200001562014,"{""k"": 4}",10.0
gaussian_mixture_diag,probabilistic,5.0,True,True,success,,0.3622040895053946,1.069957176845816,2867.840075723406,5,0.0,0.01709254143646409,0.6272075055943994,0.2272527499590069,"{""k"": 5}",11.5
gaussian_mixture_diag,probabilistic,6.0,True,True,success,,0.37654363979284466,1.0149363250831878,2804.4056155488142,6,0.0,0.017265193370165747,0.9181911387786724,0.11834666697541252,"{""k"": 6}",7.75
gaussian_mixture_diag,probabilistic,12.0,True,True,success,,0.2994107951461868,1.141462922904895,2336.283082212271,12,0.0,0.004661602209944752,0.7686230449163775,0.22219766699708998,"{""k"": 12}",16.0
gaussian_mixture_tied,probabilistic,4.0,True,False,success,,0.32856098638041126,1.1163671718945556,1832.1622383420142,4,0.0,0.01709254143646409,0.633372380247319,0.2140189579804428,"{""k"": 4}",16.25
gaussian_mixture_tied,probabilistic,5.0,True,False,success,,0.3637023882725407,1.0109968265590834,2370.5277986852097,5,0.0,0.01709254143646409,0.5560946743139692,0.40098737500375137,"{""k"": 5}",13.75
gaussian_mixture_tied,probabilistic,6.0,True,False,success,,0.3702674688486387,1.2742448736267822,2334.084385900769,6,0.0,0.01709254143646409,0.6091989995890759,0.5453728749998845,"{""k"": 6}",16.0
gaussian_mixture_tied,probabilistic,12.0,True,False,success,,0.300294422182728,1.23074840220845,2152.0054567075877,12,0.0,0.004661602209944752,0.7152324719954009,0.35807191603817046,"{""k"": 12}",17.75
birch,CF-tree hierarchical,4.0,True,True,success,,0.3386024796941882,1.0426830879461613,787.4263022774196,4,0.0,0.004661602209944752,0.5788863435877069,0.32708575000287965,"{""k"": 4}",16.75
birch,CF-tree hierarchical,5.0,True,True,success,,0.17998435202272436,1.4023904254816093,746.7601286315418,5,0.0,0.004661602209944752,0.9730730579974805,0.2544147499720566,"{""k"": 5}",19.25
birch,CF-tree hierarchical,6.0,True,True,success,,0.25984923015437617,1.2450356617435927,1462.532108887198,6,0.0,0.004661602209944752,0.5577661564759606,0.22588500002166256,"{""k"": 6}",21.25
birch,CF-tree hierarchical,12.0,True,True,success,,0.1988530380927814,1.215817660580958,1035.3099496163386,12,0.0,0.0008632596685082873,0.3873005760140552,0.2244690420338884,"{""k"": 12}",21.75
bisecting_kmeans,divisive hierarchical,4.0,True,True,success,,0.30254741233312327,1.3232983681975146,2464.7153158162328,4,0.0,0.15918508287292818,0.6119406055775826,0.05747283302480355,"{""k"": 4}",18.0
bisecting_kmeans,divisive hierarchical,5.0,True,True,success,,0.32181516164908114,1.1269369829985563,2834.2267233321063,5,0.0,0.014330110497237569,0.9123993367678601,0.058113417006097734,"{""k"": 5}",12.25
bisecting_kmeans,divisive hierarchical,6.0,True,True,success,,0.295681689179194,1.1744740998971486,2548.15058383709,6,0.0,0.014330110497237569,0.8253006250606019,0.07316899998113513,"{""k"": 6}",15.25
bisecting_kmeans,divisive hierarchical,12.0,True,True,success,,0.31543300642512045,1.2532086585392543,2151.3077335772414,12,0.0,0.014330110497237569,0.7521228319457064,0.13160999998217449,"{""k"": 12}",17.75
agglomerative_ward,agglomerative hierarchical,4.0,False,True,success,,0.3331638732997144,1.0108769125845982,2815.4972003367,4,0.0,0.01709254143646409,,0.38653029198758304,"{""k"": 4}",
agglomerative_ward,agglomerative hierarchical,5.0,False,True,success,,0.30755890183002915,1.15865843073632,2745.680940209639,5,0.0,0.01709254143646409,,0.38657258299645036,"{""k"": 5}",
agglomerative_ward,agglomerative hierarchical,6.0,False,True,success,,0.33175323034493104,1.0521176278231577,2740.054776652354,6,0.0,0.01709254143646409,,0.3843942499952391,"{""k"": 6}",
agglomerative_ward,agglomerative hierarchical,12.0,False,True,success,,0.32901131267318007,1.0188214888063154,2470.095130884485,12,0.0,0.004661602209944752,,0.39586458302801475,"{""k"": 12}",
dbscan,density,,False,True,success,,0.23090683958115663,0.8975753756712466,1761.722552949007,15,0.2990331491712707,0.0041871921182266006,,0.07038029201794416,"{""eps"": 0.4513725542757129, ""min_samples"": 16, ""n_jobs"": -1}",
