course_id,enrollment_records,missing_video_records,median_video_plays,mean_video_plays,p95_video_plays,max_video_plays,missing_video_pct
CB22x,28123,28123,,,,,100.0
CS50x,46332,46332,,,,,100.0
ER22x,40521,40521,,,,,100.0
8.MReV,7151,6734,4.0,12.741007194244604,57.39999999999998,181.0,94.1686477415746
3.091x,15906,8685,14.0,104.63301481789226,506.0,7660.0,54.6020369671822
PH278x,25269,13125,11.0,39.7126976284585,162.0,11491.0,51.941113617475956
6.002x,47219,24400,15.0,112.56886804855603,557.0,24564.0,51.67411423367712
14.73x,23402,11293,18.0,109.1273432983731,551.6000000000004,5865.0,48.25655926843859
7.00x,16740,7573,21.0,121.86604123486418,599.0,6547.0,45.2389486260454
PH207x,36557,16426,26.0,213.09040782872188,1088.0,34596.0,44.93257105342342
2.01x,4394,1936,25.0,91.58950366151342,428.1500000000001,2673.0,44.06008192990441
6.00x,104143,42140,19.0,87.95816331467832,408.0,8632.0,40.463593328404215
8.02x,21164,8240,14.0,98.48452491488703,465.6999999999971,6794.0,38.93403893403893
