userid_DI,unsupervised_cluster,deep_certification_probability,deep_certification_prediction,certification_probability,certification_prediction
MHxPC130000002,0,2.5086932053137296e-13,0,7.951367903147852e-05,0
MHxPC130000004,0,0.5995912586463737,1,0.9583919039343239,1
MHxPC130000006,0,1.4697341176553921e-09,0,9.186700290991973e-05,0
MHxPC130000007,0,4.0497855340034197e-08,0,0.00024700162658960697,0
MHxPC130000008,0,7.053236095280012e-09,0,0.0007767026777601099,0
MHxPC130000011,0,0.15162122704398953,0,0.9879612496891583,1
MHxPC130000013,0,5.169362379661664e-10,0,7.951367903147852e-05,0
MHxPC130000014,0,7.204497816980368e-11,0,0.00048700173923992235,0
MHxPC130000015,0,3.387685141247451e-11,0,7.951367903147852e-05,0
MHxPC130000016,0,5.101150310333867e-07,0,7.951367903147852e-05,0
