userid_DI,chapters_per_day,demog_age,demog_country,demog_gender,demog_loe,demog_loe_rank,event_intensity,forum_posts_per_active_day,has_forum_activity,has_multiple_courses,institutes_enrolled,is_cross_institution,max_active_days_single_course,max_chapters_single_course,max_events_single_course,mean_active_days_per_course,mean_chapters_per_course,mean_course_active_days_percentile,mean_course_chapters_percentile,mean_course_events_percentile,mean_course_forum_posts_percentile,mean_events_per_course,mean_forum_posts_per_course,mean_video_plays_per_course,n_enrollments,n_institutes,overall_span_days,total_active_days,total_chapters,total_events,total_forum_posts,total_video_plays,unique_courses,video_intensity
MHxPC130000002,0.0,23.0,Canada,f,Secondary,2,1.0,0.0,0,1,Both,1,1.0,0.0,1.0,0.5,0.0,0.21963934706435348,0.17799760704213316,0.1479788052303222,0.4967625981239597,0.5,0.0,0.0,2,2,0.0,1.0,0.0,1.0,0,0.0,2,0.0
MHxPC130000004,0.5967741935483871,19.0,India,m,Secondary,2,18.161290322580644,0.0,0,1,HarvardX,0,26.0,23.0,938.0,20.666666666666668,12.333333333333334,0.9450106568735261,0.8671617977710744,0.8975353857305198,0.4948420923849223,375.3333333333333,0.0,0.0,3,1,299.0,62.0,37.0,1126.0,0,0.0,2,0.0
MHxPC130000006,0.3333333333333333,38.0,United States,m,Bachelor's,3,2.3333333333333335,0.0,0,0,HarvardX,0,3.0,1.0,7.0,3.0,1.0,0.653685783089547,0.30194296830518125,0.30338750826797695,0.4844963941051458,7.0,0.0,0.0,1,1,39.0,3.0,1.0,7.0,0,0.0,1,0.0
MHxPC130000007,0.4,45.0,United States,f,Master's,4,12.2,0.0,0,0,HarvardX,0,5.0,2.0,61.0,5.0,2.0,0.8438059525016047,0.6864983836577482,0.7843390706850806,0.4978501433237784,61.0,0.0,0.0,1,1,23.0,5.0,2.0,61.0,0,0.0,1,0.0
MHxPC130000008,3.0,26.0,United Kingdom,m,Bachelor's,3,43.0,0.0,0,0,MITx,0,1.0,3.0,43.0,1.0,3.0,0.22024467603081105,0.7708744902582692,0.5350611690077027,0.4934118713185319,43.0,0.0,4.0,1,1,102.0,1.0,3.0,43.0,0,4.0,1,0.09302325581395349
MHxPC130000011,0.16339869281045752,22.5,Egypt,m,Secondary,2,4.7254901960784315,0.0,0,1,Both,1,50.0,12.0,360.0,38.25,6.25,0.9104508873311108,0.7512498633360991,0.7387356802642387,0.49798975844103877,180.75,0.0,4.25,4,2,197.0,153.0,25.0,723.0,0,17.0,3,0.02351313969571231
MHxPC130000013,0.0,34.0,Unknown/Other,f,Bachelor's,3,0.0,0.0,0,0,HarvardX,0,0.0,0.0,0.0,0.0,0.0,,,,0.5000029477482152,0.0,0.0,0.0,1,1,,0.0,0.0,0.0,0,0.0,1,0.0
MHxPC130000014,2.0,34.0,United States,m,Bachelor's,3,260.0,0.0,0,0,MITx,0,1.0,2.0,260.0,1.0,2.0,0.2103099603099603,0.5280192780192781,0.7955962955962956,0.49744849744849745,260.0,0.0,69.0,1,1,0.0,1.0,2.0,260.0,0,69.0,1,0.2653846153846154
MHxPC130000015,0.0,44.0,United States,m,Bachelor's,3,0.0,0.0,0,0,HarvardX,0,0.0,0.0,0.0,0.0,0.0,,,,0.5000029477482152,0.0,0.0,0.0,1,1,,0.0,0.0,0.0,0,0.0,1,0.0
MHxPC130000016,0.0,20.0,Unknown/Other,f,Secondary,2,0.0,0.0,0,0,HarvardX,0,0.0,0.0,0.0,0.0,0.0,0.0899462855984595,0.220871449205585,0.10958228450915028,0.4978501433237784,0.0,0.0,0.0,1,1,312.0,0.0,0.0,0.0,0,0.0,1,0.0
