source_file,column_position,column_name,raw_dtype,records,non_missing_count,missing_count,missing_percent,distinct_non_missing,numeric_parse_rate,zero_count,negative_count,minimum,median,mean,maximum,example_values
cleaned_enrollments,1,source_dataset,object,609637,609637,0,0.0,2,0.0,0,0,,,,,"[""big_student_clear_third_version.csv"", ""HXPC13_DI_v3_11-13-2019.csv""]"
cleaned_enrollments,2,institute,object,609637,609637,0,0.0,2,0.0,0,0,,,,,"[""HarvardX"", ""MITx""]"
cleaned_enrollments,3,course_id,object,609637,609637,0,0.0,13,0.0,0,0,,,,,"[""PH207x"", ""CS50x"", ""ER22x"", ""CB22x"", ""PH278x""]"
cleaned_enrollments,4,year,int64,609637,609637,0,0.0,2,1.0,0,0,2012.0,2012.0,2012.4428159708154,2013.0,"[""2012"", ""2013""]"
cleaned_enrollments,5,semester,object,609637,609637,0,0.0,3,0.0,0,0,,,,,"[""Fall"", ""Summer"", ""Spring""]"
cleaned_enrollments,6,userid_DI,object,609637,609637,0,0.0,446766,0.0,0,0,,,,,"[""MHxPC130313697"", ""MHxPC130237753"", ""MHxPC130202970"", ""MHxPC130223941"", ""MHxPC130317399""]"
cleaned_enrollments,7,final_cc_cname_DI,object,609637,609637,0,0.0,34,0.0,0,0,,,,,"[""India"", ""United States"", ""Other Middle East/Central Asia"", ""Australia"", ""Pakistan""]"
cleaned_enrollments,8,LoE_DI,object,609637,576844,32793,5.379102646328881,5,0.0,0,0,,,,,"[""Bachelor's"", ""Secondary"", ""Master's"", ""Doctorate"", ""Less than Secondary""]"
cleaned_enrollments,9,gender,object,609637,561510,48127,7.894369928334402,3,0.0,0,0,,,,,"[""m"", ""f"", ""o""]"
cleaned_enrollments,10,start_time_DI,object,609637,609637,0,0.0,824,0.0,0,0,,,,,"[""2012-07-24"", ""2013-03-29"", ""2012-10-30"", ""2013-02-17"", ""2013-02-12""]"
cleaned_enrollments,11,last_event_DI,object,609637,457406,152231,24.970761289094987,782,0.0,0,0,,,,,"[""2013-07-27"", ""2012-12-24"", ""2013-03-28"", ""2013-07-15"", ""2012-08-25""]"
cleaned_enrollments,12,nevents,float64,609637,456802,152835,25.06983664049262,9715,0.7493016335950737,17358,0,0.0,18.0,350.0400085813985,53180.0,"[""6.0"", ""107.0"", ""8.0"", ""25.0"", ""3.0""]"
cleaned_enrollments,13,ndays_act,float64,609637,472451,137186,22.50289926628469,154,0.7749710073371531,5324,0,0.0,2.0,5.243644314436841,205.0,"[""3.0"", ""8.0"", ""1.0"", ""2.0"", ""13.0""]"
cleaned_enrollments,14,nplay_video,float64,609637,417923,191714,31.447238274579792,2543,0.6855276172542021,0,0,1.0,197757.0,120955.4415047748,197757.0,"[""197757.0"", ""7.0"", ""17.0"", ""395.0"", ""25.0""]"
cleaned_enrollments,15,nchapters,float64,609637,515976,93661,15.363404780221673,49,0.8463659521977833,135700,0,0.0,1.0,2.660369862164132,48.0,"[""0.0"", ""2.0"", ""1.0"", ""4.0"", ""6.0""]"
cleaned_enrollments,16,nforum_posts,int64,609637,609637,0,0.0,9,1.0,604075,0,0.0,0.0,0.013342366030933162,8.0,"[""0"", ""1"", ""2"", ""6"", ""3""]"
cleaned_enrollments,17,age,float64,609637,581848,27789,4.558286324484898,79,0.954417136755151,501,23,-1.0,25.0,27.107014203022096,82.0,"[""23.0"", ""19.0"", ""24.0"", ""20.0"", ""32.0""]"
cleaned_enrollments,18,nplay_video_clean,float64,609637,162395,447242,73.36201706917394,2542,0.2663798293082605,0,0,1.0,17.0,108.44104806182456,34596.0,"[""7.0"", ""17.0"", ""395.0"", ""25.0"", ""1.0""]"
cleaned_enrollments,19,nplay_video_missing,int8,609637,609637,0,0.0,2,1.0,162395,0,0.0,1.0,0.7336201706917395,1.0,"[""1"", ""0""]"
cleaned_enrollments,20,age_clean,float64,609637,581170,28467,4.669500046749131,70,0.9533049995325087,0,0,11.0,25.0,27.13764475110553,82.0,"[""23.0"", ""19.0"", ""24.0"", ""20.0"", ""32.0""]"
cleaned_enrollments,21,age_missing,int8,609637,609637,0,0.0,2,1.0,581170,0,0.0,0.0,0.04669500046749131,1.0,"[""0"", ""1""]"
cleaned_enrollments,22,gender_missing,int8,609637,609637,0,0.0,2,1.0,561510,0,0.0,0.0,0.07894369928334402,1.0,"[""0"", ""1""]"
cleaned_enrollments,23,gender_clean,object,609637,609637,0,0.0,4,0.0,0,0,,,,,"[""m"", ""f"", ""o"", ""Unknown""]"
cleaned_enrollments,24,LoE_clean,object,609637,609637,0,0.0,6,0.0,0,0,,,,,"[""Bachelor's"", ""Secondary"", ""Master's"", ""Doctorate"", ""Less than Secondary""]"
cleaned_enrollments,25,country_clean,object,609637,609637,0,0.0,34,0.0,0,0,,,,,"[""India"", ""United States"", ""Other Middle East/Central Asia"", ""Australia"", ""Pakistan""]"
cleaned_enrollments,26,start_dt,datetime64[ns],609637,416921,192716,31.611598377395072,411,1.0,0,192716,-9.223372036854776e+18,1.3511232e+18,-1.9862865545629693e+18,1.378512e+18,"[""2012-07-24"", ""2013-03-29"", ""2012-10-30"", ""2013-02-17"", ""2013-02-12""]"
cleaned_enrollments,27,last_dt,datetime64[ns],609637,416921,192716,31.611598377395072,404,1.0,0,192716,-9.223372036854776e+18,1.3578624e+18,-1.9834707470762191e+18,1.3846464e+18,"[""2013-07-27"", ""2012-12-24"", ""2013-03-28"", ""2013-07-15"", ""2012-08-25""]"
cleaned_enrollments,28,date_inversion_flag,int8,609637,609637,0,0.0,2,1.0,608406,0,0.0,0.0,0.0020192343968623953,1.0,"[""0"", ""1""]"
cleaned_enrollments,29,clean_start_dt,datetime64[ns],609637,416921,192716,31.611598377395072,411,1.0,0,192716,-9.223372036854776e+18,1.3511232e+18,-1.9863021003753134e+18,1.378512e+18,"[""2012-07-24"", ""2013-03-29"", ""2012-10-30"", ""2013-02-17"", ""2013-02-12""]"
cleaned_enrollments,30,clean_last_dt,datetime64[ns],609637,416921,192716,31.611598377395072,412,1.0,0,192716,-9.223372036854776e+18,1.3578624e+18,-1.9834552012638748e+18,1.3846464e+18,"[""2013-07-27"", ""2012-12-24"", ""2013-03-28"", ""2013-07-15"", ""2012-08-25""]"
cleaned_enrollments,31,date_missing_flag,int8,609637,609637,0,0.0,2,1.0,416921,0,0.0,0.0,0.3161159837739507,1.0,"[""0"", ""1""]"
cleaned_enrollments,32,nevents_missing,int8,609637,609637,0,0.0,2,1.0,456802,0,0.0,0.0,0.2506983664049262,1.0,"[""0"", ""1""]"
cleaned_enrollments,33,nevents_clean,float64,609637,456802,152835,25.06983664049262,9715,0.7493016335950737,17358,0,0.0,18.0,350.0400085813985,53180.0,"[""6.0"", ""107.0"", ""8.0"", ""25.0"", ""3.0""]"
cleaned_enrollments,34,nevents_clean_filled,float64,609637,609637,0,0.0,9715,1.0,170193,0,0.0,5.0,262.2855502536755,53180.0,"[""6.0"", ""107.0"", ""8.0"", ""25.0"", ""3.0""]"
cleaned_enrollments,35,ndays_act_missing,int8,609637,609637,0,0.0,2,1.0,472451,0,0.0,0.0,0.2250289926628469,1.0,"[""0"", ""1""]"
cleaned_enrollments,36,ndays_act_clean,float64,609637,472451,137186,22.50289926628469,154,0.7749710073371531,5324,0,0.0,2.0,5.243644314436841,205.0,"[""3.0"", ""8.0"", ""1.0"", ""2.0"", ""13.0""]"
cleaned_enrollments,37,ndays_act_clean_filled,float64,609637,609637,0,0.0,154,1.0,142510,0,0.0,1.0,4.063672316476854,205.0,"[""3.0"", ""8.0"", ""1.0"", ""2.0"", ""13.0""]"
cleaned_enrollments,38,nchapters_missing,int8,609637,609637,0,0.0,2,1.0,515976,0,0.0,0.0,0.15363404780221673,1.0,"[""0"", ""1""]"
cleaned_enrollments,39,nchapters_clean,float64,609637,515976,93661,15.363404780221673,49,0.8463659521977833,135700,0,0.0,1.0,2.660369862164132,48.0,"[""0.0"", ""2.0"", ""1.0"", ""4.0"", ""6.0""]"
cleaned_enrollments,40,nchapters_clean_filled,float64,609637,609637,0,0.0,49,1.0,229361,0,0.0,1.0,2.2516464715888307,48.0,"[""0.0"", ""2.0"", ""1.0"", ""4.0"", ""6.0""]"
cleaned_enrollments,41,nforum_posts_missing,int8,609637,609637,0,0.0,1,1.0,609637,0,0.0,0.0,0.0,0.0,"[""0""]"
cleaned_enrollments,42,nforum_posts_clean,int64,609637,609637,0,0.0,9,1.0,604075,0,0.0,0.0,0.013342366030933162,8.0,"[""0"", ""1"", ""2"", ""6"", ""3""]"
cleaned_enrollments,43,nforum_posts_clean_filled,int64,609637,609637,0,0.0,9,1.0,604075,0,0.0,0.0,0.013342366030933162,8.0,"[""0"", ""1"", ""2"", ""6"", ""3""]"
cleaned_enrollments,44,nplay_video_negative,int8,609637,609637,0,0.0,1,1.0,609637,0,0.0,0.0,0.0,0.0,"[""0""]"
cleaned_enrollments,45,nplay_video_filled,float64,609637,609637,0,0.0,2543,1.0,447242,0,0.0,0.0,28.8865078727177,34596.0,"[""0.0"", ""7.0"", ""17.0"", ""395.0"", ""25.0""]"
cleaned_enrollments,46,events_percentile_within_course,float64,609637,609637,0,0.0,39288,1.0,0,0,0.0002628001812415043,0.4148695258335366,0.5000147628834861,1.0,"[""0.39916330063473743"", ""0.6770653010194269"", ""0.49304901036757776"", ""0.7554586867734842"", ""0.3343431429120985""]"
cleaned_enrollments,47,active_days_percentile_within_course,float64,609637,609637,0,0.0,1838,1.0,0,0,0.0419311406039623,0.3869194857680382,0.5000147628834865,1.0,"[""0.6521927293710329"", ""0.8322153298711291"", ""0.2858938108702482"", ""0.6557100219918316"", ""0.5405727062896711""]"
cleaned_enrollments,48,chapters_percentile_within_course,float64,609637,609637,0,0.0,368,1.0,0,0,0.036039433281258415,0.5317059798020293,0.5000147628834868,1.0,"[""0.21091796499326793"", ""0.6373581457972687"", ""0.3663210807414389"", ""0.8136977693999372"", ""0.8508779570079783""]"
cleaned_enrollments,49,forum_posts_percentile_within_course,float64,609637,609637,0,0.0,67,1.0,0,0,0.48076463560334526,0.4976145902530346,0.5000147628834862,0.9999651604361913,"[""0.4920898249663397"", ""0.5000392711278668"", ""0.4844963941051458"", ""0.4978501433237784"", ""0.5000269353014061""]"
cleaned_enrollments,50,video_plays_percentile_within_course,float64,609637,162395,447242,73.36201706917394,10670,0.2663798293082605,0,0,0.025427176566314078,0.5002216592780241,0.5000400258628651,1.0,"[""0.2836540780398399"", ""0.42396180002893935"", ""0.8704239618000289"", ""0.7082669005102041"", ""0.05855389030612245""]"
cleaned_enrollments,51,video_plays_per_accessed_chapter,float64,609637,609637,0,0.0,9147,1.0,447242,0,0.0,0.0,4.845034696893313,7261.5,"[""0.0"", ""3.5"", ""17.0"", ""43.888888888888886"", ""6.25""]"
