institute,course_id,year,semester,enrollments,unique_students,source_count,gender_unknown,invalid_or_missing_age,date_swaps,missing_last_event,median_events,median_active_days,median_video_plays,median_accessed_chapters,median_forum_posts
HarvardX,CB22x,2013,Spring,30002,30002,2,3862,1889,41,0,10.0,1.0,0.0,1.0,0.0
HarvardX,CS50x,2012,Unknown,169621,169621,2,17195,17066,292,119941,0.0,0.0,0.0,1.0,0.0
HarvardX,ER22x,2013,Spring,57406,57406,2,6182,3631,85,15074,8.0,1.0,0.0,1.0,0.0
HarvardX,PH207x,2012,Fall,41592,41592,2,2759,1615,161,3726,18.0,2.0,0.0,1.0,0.0
HarvardX,PH278x,2013,Spring,39602,39602,2,2963,2096,36,13490,2.0,1.0,0.0,0.0,0.0
MITx,14.73x,2013,Spring,23402,23402,1,1410,0,44,0,22.0,2.0,1.0,1.0,0.0
MITx,2.01x,2013,Spring,4394,4394,1,314,0,2,0,34.0,2.0,3.0,1.0,0.0
MITx,3.091x,2012,Fall,11337,11337,1,600,9,10,0,10.0,1.0,0.0,1.0,0.0
MITx,3.091x,2013,Spring,4474,4474,1,470,0,26,0,20.0,2.0,1.0,1.0,0.0
MITx,6.002x,2012,Fall,30660,30660,1,1263,32,122,0,24.0,2.0,1.0,1.0,0.0
MITx,6.002x,2013,Spring,14984,14984,1,752,8,87,0,11.0,2.0,0.0,1.0,0.0
MITx,6.00x,2012,Fall,55175,55175,1,2104,91,39,0,32.0,2.0,3.0,2.0,0.0
MITx,6.00x,2013,Spring,47356,47356,1,2889,23,196,0,25.0,2.0,3.0,2.0,0.0
MITx,7.00x,2013,Spring,16740,16740,1,1662,0,15,0,31.0,2.0,2.0,1.0,0.0
MITx,8.02x,2013,Spring,21164,21164,1,1560,10,91,0,36.0,2.0,3.0,2.0,0.0
MITx,8.MReV,2013,Summer,7151,7151,1,609,0,15,0,39.0,2.0,0.0,2.0,0.0
