feature,importance
numeric__max_chapters_single_course,0.13745689358455623
numeric__total_chapters,0.13306628595849884
numeric__mean_chapters_per_course,0.1313226735012172
numeric__max_active_days_single_course,0.08982065011946555
numeric__total_events,0.0706805043452694
numeric__max_events_single_course,0.0646755322351343
numeric__mean_active_days_per_course,0.057779564922027286
numeric__total_active_days,0.05244859863203327
numeric__mean_course_active_days_percentile,0.04660421102728801
numeric__mean_course_chapters_percentile,0.03955765425550364
numeric__mean_events_per_course,0.03922329677259552
numeric__event_intensity,0.031644885558278296
numeric__overall_span_days,0.02455927325097578
numeric__mean_course_events_percentile,0.01664003493037667
numeric__total_video_plays,0.013244407623461048
numeric__chapters_per_day,0.01217563050003969
numeric__mean_video_plays_per_course,0.008616215361278603
numeric__video_intensity,0.008268711007330485
numeric__mean_course_forum_posts_percentile,0.005323728704573518
numeric__demog_age,0.002319274631720685
numeric__n_enrollments,0.0018620322097350317
binary__has_multiple_courses,0.0013104470935690208
categorical__demog_country_Unknown/Other,0.00128688232394239
categorical__institutes_enrolled_MITx,0.001268763769384379
categorical__institutes_enrolled_HarvardX,0.0012217228641629198
binary__is_cross_institution,0.0007355044148527924
numeric__demog_loe_rank,0.0006958355575857638
binary__n_institutes,0.0006609996248929951
numeric__forum_posts_per_active_day,0.0005447266344555883
categorical__institutes_enrolled_Both,0.0005413573287098753
numeric__mean_forum_posts_per_course,0.00043597281498186944
categorical__demog_gender_f,0.0004101303600948341
categorical__demog_gender_m,0.00040382940594206097
categorical__demog_country_United States,0.00038976725757987123
categorical__demog_country_India,0.00034411068317063493
categorical__demog_loe_Master's,0.00025430899162437703
categorical__demog_loe_Secondary,0.00023706386063448068
categorical__demog_loe_Bachelor's,0.0002362933377971315
categorical__demog_country_Other Europe,0.00015952059836082044
categorical__demog_gender_Unknown,0.00015009915263282118
numeric__total_forum_posts,0.00011504147225188122
categorical__demog_country_Russian Federation,0.00011024034237070842
binary__has_forum_activity,0.00010281721465139513
categorical__demog_country_Spain,9.754817112631452e-05
categorical__demog_country_Other Africa,9.138601865505955e-05
categorical__demog_country_United Kingdom,8.884127150617049e-05
categorical__demog_loe_Unknown,7.413956158989575e-05
categorical__demog_loe_Less than Secondary,6.401602673756102e-05
categorical__demog_country_Other South Asia,6.319617745867537e-05
categorical__demog_loe_Doctorate,5.454446445658548e-05
categorical__demog_country_Other Middle East/Central Asia,4.6689889606121854e-05
categorical__demog_country_Brazil,4.6387687393218655e-05
categorical__demog_country_Greece,4.491487567031462e-05
categorical__demog_country_Canada,4.488325040642611e-05
categorical__demog_country_Germany,4.4030287051232255e-05
categorical__demog_country_Nigeria,3.929822389719775e-05
categorical__demog_country_France,3.179034892032495e-05
categorical__demog_country_Philippines,3.100648596413371e-05
categorical__demog_country_Other South America,2.9487916761995593e-05
categorical__demog_country_Pakistan,2.8260577448057256e-05
categorical__demog_country_Mexico,2.3421687323289597e-05
"categorical__demog_country_Other North & Central Amer., Caribbean",2.1181719353845506e-05
categorical__demog_country_Colombia,2.090153700322222e-05
categorical__demog_country_Poland,2.0861751130351157e-05
categorical__demog_country_infrequent_sklearn,1.7067592386486687e-05
categorical__demog_country_Other East Asia,1.5754453597684897e-05
categorical__demog_country_Australia,1.4888698811056607e-05
categorical__demog_country_Indonesia,1.4239974453839165e-05
categorical__demog_country_Egypt,8.87445961477368e-06
categorical__demog_country_Ukraine,8.073691779910784e-06
categorical__demog_country_China,6.506638181843858e-06
categorical__demog_country_Bangladesh,1.3085618946110613e-06
categorical__demog_country_Morocco,1.0037648123409628e-06
categorical__demog_gender_infrequent_sklearn,0.0
