source_file,column_name,value,count,percent,rank,coverage
HXPC13_DI_v3_11-13-2019.csv,course_id,HarvardX/CS50x/2012,169621,50.1506402580546,1,all_values
HXPC13_DI_v3_11-13-2019.csv,course_id,HarvardX/ER22x/2013_Spring,57406,16.97282562096605,2,all_values
HXPC13_DI_v3_11-13-2019.csv,course_id,HarvardX/PH207x/2012_Fall,41592,12.297212194321498,3,all_values
HXPC13_DI_v3_11-13-2019.csv,course_id,HarvardX/PH278x/2013_Spring,39602,11.708842982292747,4,all_values
HXPC13_DI_v3_11-13-2019.csv,course_id,HarvardX/CB22x/2013_Spring,30002,8.870478944365107,5,all_values
HXPC13_DI_v3_11-13-2019.csv,course_id,<MISSING>,0,0.0,0,all_values
HXPC13_DI_v3_11-13-2019.csv,userid_DI,MHxPC130506390,5,0.0014783146030873122,1,top_20_plus_other
HXPC13_DI_v3_11-13-2019.csv,userid_DI,MHxPC130314286,5,0.0014783146030873122,2,top_20_plus_other
HXPC13_DI_v3_11-13-2019.csv,userid_DI,MHxPC130223277,5,0.0014783146030873122,3,top_20_plus_other
HXPC13_DI_v3_11-13-2019.csv,userid_DI,MHxPC130362373,5,0.0014783146030873122,4,top_20_plus_other
HXPC13_DI_v3_11-13-2019.csv,userid_DI,MHxPC130478289,5,0.0014783146030873122,5,top_20_plus_other
HXPC13_DI_v3_11-13-2019.csv,userid_DI,MHxPC130406693,5,0.0014783146030873122,6,top_20_plus_other
HXPC13_DI_v3_11-13-2019.csv,userid_DI,MHxPC130114988,5,0.0014783146030873122,7,top_20_plus_other
HXPC13_DI_v3_11-13-2019.csv,userid_DI,MHxPC130552997,5,0.0014783146030873122,8,top_20_plus_other
HXPC13_DI_v3_11-13-2019.csv,userid_DI,MHxPC130203535,5,0.0014783146030873122,9,top_20_plus_other
HXPC13_DI_v3_11-13-2019.csv,userid_DI,MHxPC130388108,5,0.0014783146030873122,10,top_20_plus_other
HXPC13_DI_v3_11-13-2019.csv,userid_DI,MHxPC130203598,5,0.0014783146030873122,11,top_20_plus_other
HXPC13_DI_v3_11-13-2019.csv,userid_DI,MHxPC130309858,5,0.0014783146030873122,12,top_20_plus_other
HXPC13_DI_v3_11-13-2019.csv,userid_DI,MHxPC130321467,5,0.0014783146030873122,13,top_20_plus_other
HXPC13_DI_v3_11-13-2019.csv,userid_DI,MHxPC130406982,5,0.0014783146030873122,14,top_20_plus_other
HXPC13_DI_v3_11-13-2019.csv,userid_DI,MHxPC130263604,5,0.0014783146030873122,15,top_20_plus_other
HXPC13_DI_v3_11-13-2019.csv,userid_DI,MHxPC130101865,5,0.0014783146030873122,16,top_20_plus_other
HXPC13_DI_v3_11-13-2019.csv,userid_DI,MHxPC130568167,5,0.0014783146030873122,17,top_20_plus_other
HXPC13_DI_v3_11-13-2019.csv,userid_DI,MHxPC130522464,5,0.0014783146030873122,18,top_20_plus_other
HXPC13_DI_v3_11-13-2019.csv,userid_DI,MHxPC130461079,5,0.0014783146030873122,19,top_20_plus_other
HXPC13_DI_v3_11-13-2019.csv,userid_DI,MHxPC130232231,5,0.0014783146030873122,20,top_20_plus_other
HXPC13_DI_v3_11-13-2019.csv,userid_DI,<OTHER_VALUES>,338123,99.97043370793826,21,top_20_plus_other
HXPC13_DI_v3_11-13-2019.csv,userid_DI,<MISSING>,0,0.0,0,top_20_plus_other
HXPC13_DI_v3_11-13-2019.csv,registered,1,338223,100.0,1,all_values
HXPC13_DI_v3_11-13-2019.csv,registered,<MISSING>,0,0.0,0,all_values
HXPC13_DI_v3_11-13-2019.csv,viewed,1,193856,57.3160311392188,1,all_values
HXPC13_DI_v3_11-13-2019.csv,viewed,0,144367,42.6839688607812,2,all_values
HXPC13_DI_v3_11-13-2019.csv,viewed,<MISSING>,0,0.0,0,all_values
HXPC13_DI_v3_11-13-2019.csv,explored,0,317599,93.90224792518545,1,all_values
HXPC13_DI_v3_11-13-2019.csv,explored,1,20624,6.0977520748145455,2,all_values
HXPC13_DI_v3_11-13-2019.csv,explored,<MISSING>,0,0.0,0,all_values
HXPC13_DI_v3_11-13-2019.csv,certified,0,331653,98.05749461154328,1,all_values
HXPC13_DI_v3_11-13-2019.csv,certified,1,6570,1.9425053884567283,2,all_values
HXPC13_DI_v3_11-13-2019.csv,certified,<MISSING>,0,0.0,0,all_values
HXPC13_DI_v3_11-13-2019.csv,final_cc_cname_DI,United States,100152,29.6112328256801,1,all_values
HXPC13_DI_v3_11-13-2019.csv,final_cc_cname_DI,Unknown/Other,70208,20.757902330710802,2,all_values
HXPC13_DI_v3_11-13-2019.csv,final_cc_cname_DI,India,30635,9.057633573115961,3,all_values
HXPC13_DI_v3_11-13-2019.csv,final_cc_cname_DI,Other Europe,19293,5.704224727472703,4,all_values
HXPC13_DI_v3_11-13-2019.csv,final_cc_cname_DI,Other Africa,12631,3.734518350319168,5,all_values
HXPC13_DI_v3_11-13-2019.csv,final_cc_cname_DI,United Kingdom,11562,3.4184546881791005,6,all_values
HXPC13_DI_v3_11-13-2019.csv,final_cc_cname_DI,Brazil,8491,2.5104738589628735,7,all_values
HXPC13_DI_v3_11-13-2019.csv,final_cc_cname_DI,Canada,7776,2.299074870721388,8,all_values
HXPC13_DI_v3_11-13-2019.csv,final_cc_cname_DI,Other Middle East/Central Asia,7087,2.0953631184159565,9,all_values
HXPC13_DI_v3_11-13-2019.csv,final_cc_cname_DI,Other South Asia,6666,1.9708890288360048,10,all_values
HXPC13_DI_v3_11-13-2019.csv,final_cc_cname_DI,Nigeria,4610,1.3630060640465018,11,all_values
HXPC13_DI_v3_11-13-2019.csv,final_cc_cname_DI,Spain,4465,1.3201349405569698,12,all_values
HXPC13_DI_v3_11-13-2019.csv,final_cc_cname_DI,Pakistan,4066,1.2021654352306022,13,all_values
HXPC13_DI_v3_11-13-2019.csv,final_cc_cname_DI,Other South America,3921,1.1592943117410703,14,all_values
HXPC13_DI_v3_11-13-2019.csv,final_cc_cname_DI,Germany,3763,1.1125795702835113,15,all_values
HXPC13_DI_v3_11-13-2019.csv,final_cc_cname_DI,Australia,3746,1.1075533006330143,16,all_values
HXPC13_DI_v3_11-13-2019.csv,final_cc_cname_DI,Russian Federation,3646,1.077987008571268,17,all_values
HXPC13_DI_v3_11-13-2019.csv,final_cc_cname_DI,Other East Asia,3612,1.0679344692702744,18,all_values
HXPC13_DI_v3_11-13-2019.csv,final_cc_cname_DI,Greece,3557,1.051673008636314,19,all_values
HXPC13_DI_v3_11-13-2019.csv,final_cc_cname_DI,Egypt,3401,1.0055495930199898,20,all_values
HXPC13_DI_v3_11-13-2019.csv,final_cc_cname_DI,Philippines,3286,0.9715483571489816,21,all_values
HXPC13_DI_v3_11-13-2019.csv,final_cc_cname_DI,China,2813,0.8316997956969219,22,all_values
HXPC13_DI_v3_11-13-2019.csv,final_cc_cname_DI,France,2500,0.7391573015436561,23,all_values
HXPC13_DI_v3_11-13-2019.csv,final_cc_cname_DI,Mexico,2141,0.6330143130419871,24,all_values
HXPC13_DI_v3_11-13-2019.csv,final_cc_cname_DI,"Other North & Central Amer., Caribbean",2131,0.6300576838358125,25,all_values
HXPC13_DI_v3_11-13-2019.csv,final_cc_cname_DI,Colombia,1952,0.5771340210452867,26,all_values
HXPC13_DI_v3_11-13-2019.csv,final_cc_cname_DI,Ukraine,1758,0.5197754144454989,27,all_values
HXPC13_DI_v3_11-13-2019.csv,final_cc_cname_DI,Indonesia,1756,0.5191840886042641,28,all_values
HXPC13_DI_v3_11-13-2019.csv,final_cc_cname_DI,Poland,1481,0.4378767854344619,29,all_values
HXPC13_DI_v3_11-13-2019.csv,final_cc_cname_DI,Japan,1414,0.4180673697530919,30,all_values
HXPC13_DI_v3_11-13-2019.csv,final_cc_cname_DI,Bangladesh,1199,0.3544998418203375,31,all_values
HXPC13_DI_v3_11-13-2019.csv,final_cc_cname_DI,Morocco,1162,0.34356031375749135,32,all_values
HXPC13_DI_v3_11-13-2019.csv,final_cc_cname_DI,Portugal,1098,0.3246378868379738,33,all_values
HXPC13_DI_v3_11-13-2019.csv,final_cc_cname_DI,Other Oceania,244,0.07214175263066083,34,all_values
HXPC13_DI_v3_11-13-2019.csv,final_cc_cname_DI,<MISSING>,0,0.0,0,all_values
HXPC13_DI_v3_11-13-2019.csv,LoE_DI,Bachelor's,119511,35.334971305913555,1,all_values
HXPC13_DI_v3_11-13-2019.csv,LoE_DI,Secondary,85608,25.311111308219726,2,all_values
HXPC13_DI_v3_11-13-2019.csv,LoE_DI,Master's,71702,21.19962273411329,3,all_values
HXPC13_DI_v3_11-13-2019.csv,LoE_DI,Doctorate,9354,2.765630959455744,4,all_values
HXPC13_DI_v3_11-13-2019.csv,LoE_DI,Less than Secondary,7929,2.3443112975758598,5,all_values
HXPC13_DI_v3_11-13-2019.csv,LoE_DI,<MISSING>,44119,13.044352394721825,0,all_values
HXPC13_DI_v3_11-13-2019.csv,YoB,1990.0,19172,5.668449514077991,1,all_values
HXPC13_DI_v3_11-13-2019.csv,YoB,1989.0,18825,5.56585448062373,2,all_values
HXPC13_DI_v3_11-13-2019.csv,YoB,1988.0,18562,5.488095132501338,3,all_values
HXPC13_DI_v3_11-13-2019.csv,YoB,1991.0,17585,5.199232459058077,4,all_values
HXPC13_DI_v3_11-13-2019.csv,YoB,1987.0,17333,5.1247254030624765,5,all_values
HXPC13_DI_v3_11-13-2019.csv,YoB,1992.0,16507,4.880507830632452,6,all_values
HXPC13_DI_v3_11-13-2019.csv,YoB,1986.0,16115,4.7646079657504075,7,all_values
HXPC13_DI_v3_11-13-2019.csv,YoB,1993.0,14817,4.380837494788941,8,all_values
HXPC13_DI_v3_11-13-2019.csv,YoB,1985.0,14755,4.3625063937106585,9,all_values
HXPC13_DI_v3_11-13-2019.csv,YoB,1984.0,12917,3.8190779456157626,10,all_values
HXPC13_DI_v3_11-13-2019.csv,YoB,1983.0,11200,3.3114247109155794,11,all_values
HXPC13_DI_v3_11-13-2019.csv,YoB,1994.0,10794,3.1913855651448895,12,all_values
HXPC13_DI_v3_11-13-2019.csv,YoB,1982.0,10290,3.0423714531536885,13,all_values
HXPC13_DI_v3_11-13-2019.csv,YoB,1981.0,8871,2.6228257687975094,14,all_values
HXPC13_DI_v3_11-13-2019.csv,YoB,1980.0,8572,2.5344225555328883,15,all_values
HXPC13_DI_v3_11-13-2019.csv,YoB,1979.0,6943,2.0527876578470416,16,all_values
HXPC13_DI_v3_11-13-2019.csv,YoB,1995.0,6655,1.9676367367092125,17,all_values
HXPC13_DI_v3_11-13-2019.csv,YoB,1978.0,6031,1.783143074243916,18,all_values
HXPC13_DI_v3_11-13-2019.csv,YoB,1977.0,5317,1.572039748923048,19,all_values
HXPC13_DI_v3_11-13-2019.csv,YoB,1976.0,4736,1.4002595920443022,20,all_values
HXPC13_DI_v3_11-13-2019.csv,YoB,1975.0,4098,1.211626648690361,21,all_values
HXPC13_DI_v3_11-13-2019.csv,YoB,1996.0,3974,1.1749644465337958,22,all_values
HXPC13_DI_v3_11-13-2019.csv,YoB,1974.0,3763,1.1125795702835113,23,all_values
HXPC13_DI_v3_11-13-2019.csv,YoB,1973.0,3228,0.9543999077531686,24,all_values
HXPC13_DI_v3_11-13-2019.csv,YoB,1972.0,3044,0.8999979303595557,25,all_values
HXPC13_DI_v3_11-13-2019.csv,YoB,1970.0,2813,0.8316997956969219,26,all_values
HXPC13_DI_v3_11-13-2019.csv,YoB,1971.0,2697,0.7974028969052962,27,all_values
HXPC13_DI_v3_11-13-2019.csv,YoB,1969.0,2274,0.6723374814841097,28,all_values
HXPC13_DI_v3_11-13-2019.csv,YoB,1997.0,2252,0.6658328972305254,29,all_values
HXPC13_DI_v3_11-13-2019.csv,YoB,1968.0,2131,0.6300576838358125,30,all_values
HXPC13_DI_v3_11-13-2019.csv,YoB,1967.0,1850,0.5469764031423056,31,all_values
HXPC13_DI_v3_11-13-2019.csv,YoB,1966.0,1692,0.5002616616847464,32,all_values
HXPC13_DI_v3_11-13-2019.csv,YoB,1965.0,1641,0.48518285273325584,33,all_values
HXPC13_DI_v3_11-13-2019.csv,YoB,1964.0,1473,0.4355114820695222,34,all_values
HXPC13_DI_v3_11-13-2019.csv,YoB,1963.0,1367,0.4041712124840712,35,all_values
HXPC13_DI_v3_11-13-2019.csv,YoB,1962.0,1236,0.3654393698831836,36,all_values
HXPC13_DI_v3_11-13-2019.csv,YoB,1961.0,1202,0.35538683058218984,37,all_values
HXPC13_DI_v3_11-13-2019.csv,YoB,1960.0,1188,0.3512475496935454,38,all_values
HXPC13_DI_v3_11-13-2019.csv,YoB,1998.0,1140,0.33705572950390716,39,all_values
HXPC13_DI_v3_11-13-2019.csv,YoB,1959.0,902,0.26668795439695114,40,all_values
HXPC13_DI_v3_11-13-2019.csv,YoB,1958.0,873,0.2581137296990447,41,all_values
HXPC13_DI_v3_11-13-2019.csv,YoB,1957.0,803,0.23741732525582232,42,all_values
HXPC13_DI_v3_11-13-2019.csv,YoB,1956.0,792,0.23416503312903028,43,all_values
HXPC13_DI_v3_11-13-2019.csv,YoB,1955.0,772,0.228251774716681,44,all_values
HXPC13_DI_v3_11-13-2019.csv,YoB,1954.0,609,0.18005871865603462,45,all_values
HXPC13_DI_v3_11-13-2019.csv,YoB,1953.0,592,0.17503244900553777,46,all_values
HXPC13_DI_v3_11-13-2019.csv,YoB,1999.0,540,0.15965797713342972,47,all_values
HXPC13_DI_v3_11-13-2019.csv,YoB,1952.0,532,0.15729267376849002,48,all_values
HXPC13_DI_v3_11-13-2019.csv,YoB,1951.0,506,0.14960543783243602,49,all_values
HXPC13_DI_v3_11-13-2019.csv,YoB,1950.0,477,0.1410312131345296,50,all_values
HXPC13_DI_v3_11-13-2019.csv,YoB,1949.0,394,0.1164911907232802,51,all_values
HXPC13_DI_v3_11-13-2019.csv,YoB,1947.0,340,0.10052539300993724,52,all_values
HXPC13_DI_v3_11-13-2019.csv,YoB,1948.0,314,0.09283815707388321,53,all_values
HXPC13_DI_v3_11-13-2019.csv,YoB,2012.0,311,0.09195116831203082,54,all_values
HXPC13_DI_v3_11-13-2019.csv,YoB,1946.0,264,0.07805501104301008,55,all_values
HXPC13_DI_v3_11-13-2019.csv,YoB,2000.0,236,0.06977644926572114,56,all_values
HXPC13_DI_v3_11-13-2019.csv,YoB,1944.0,205,0.06061089872657981,57,all_values
HXPC13_DI_v3_11-13-2019.csv,YoB,1943.0,180,0.053219325711143246,58,all_values
HXPC13_DI_v3_11-13-2019.csv,YoB,1942.0,161,0.047601730219411456,59,all_values
HXPC13_DI_v3_11-13-2019.csv,YoB,1945.0,155,0.04582775269570668,60,all_values
HXPC13_DI_v3_11-13-2019.csv,YoB,2001.0,96,0.028383640379276397,61,all_values
HXPC13_DI_v3_11-13-2019.csv,YoB,1941.0,89,0.026313999934954157,62,all_values
HXPC13_DI_v3_11-13-2019.csv,YoB,1940.0,80,0.023653033649396995,63,all_values
HXPC13_DI_v3_11-13-2019.csv,YoB,1939.0,74,0.02187905612569222,64,all_values
HXPC13_DI_v3_11-13-2019.csv,YoB,1937.0,64,0.018922426919517597,65,all_values
HXPC13_DI_v3_11-13-2019.csv,YoB,1938.0,64,0.018922426919517597,66,all_values
HXPC13_DI_v3_11-13-2019.csv,YoB,2013.0,44,0.013009168507168347,67,all_values
HXPC13_DI_v3_11-13-2019.csv,YoB,1936.0,38,0.011235190983463574,68,all_values
HXPC13_DI_v3_11-13-2019.csv,YoB,1935.0,36,0.010643865142228648,69,all_values
HXPC13_DI_v3_11-13-2019.csv,YoB,2011.0,29,0.00857422469790641,70,all_values
HXPC13_DI_v3_11-13-2019.csv,YoB,2002.0,24,0.007095910094819099,71,all_values
HXPC13_DI_v3_11-13-2019.csv,YoB,2010.0,17,0.005026269650496862,72,all_values
HXPC13_DI_v3_11-13-2019.csv,YoB,2008.0,10,0.0029566292061746244,73,all_values
HXPC13_DI_v3_11-13-2019.csv,YoB,2003.0,10,0.0029566292061746244,74,all_values
HXPC13_DI_v3_11-13-2019.csv,YoB,2009.0,8,0.0023653033649396996,75,all_values
HXPC13_DI_v3_11-13-2019.csv,YoB,1931.0,7,0.002069640444322237,76,all_values
HXPC13_DI_v3_11-13-2019.csv,YoB,2007.0,6,0.0017739775237047748,77,all_values
HXPC13_DI_v3_11-13-2019.csv,YoB,1934.0,5,0.0014783146030873122,78,all_values
HXPC13_DI_v3_11-13-2019.csv,YoB,<MISSING>,38504,11.384205095454773,0,all_values
HXPC13_DI_v3_11-13-2019.csv,gender,m,208184,61.55228946582581,1,all_values
HXPC13_DI_v3_11-13-2019.csv,gender,f,97061,28.69733873805152,2,all_values
HXPC13_DI_v3_11-13-2019.csv,gender,o,17,0.005026269650496862,3,all_values
HXPC13_DI_v3_11-13-2019.csv,gender,<MISSING>,32961,9.74534552647218,0,all_values
HXPC13_DI_v3_11-13-2019.csv,grade,0,288675,85.35049360924597,1,top_20_plus_other
HXPC13_DI_v3_11-13-2019.csv,grade,0.01,2807,0.8299258181732171,2,top_20_plus_other
HXPC13_DI_v3_11-13-2019.csv,grade, ,2695,0.7968115710640613,3,top_20_plus_other
HXPC13_DI_v3_11-13-2019.csv,grade,0.04,1587,0.4692170550199129,4,top_20_plus_other
HXPC13_DI_v3_11-13-2019.csv,grade,1,1573,0.4650777741312684,5,top_20_plus_other
HXPC13_DI_v3_11-13-2019.csv,grade,0.02,1476,0.43639847083137456,6,top_20_plus_other
HXPC13_DI_v3_11-13-2019.csv,grade,0.03,1107,0.3272988531235309,7,top_20_plus_other
HXPC13_DI_v3_11-13-2019.csv,grade,0.05,942,0.27851447122164963,8,top_20_plus_other
HXPC13_DI_v3_11-13-2019.csv,grade,0.09,442,0.1306830109129184,9,top_20_plus_other
HXPC13_DI_v3_11-13-2019.csv,grade,0.06,381,0.1126475727552532,10,top_20_plus_other
HXPC13_DI_v3_11-13-2019.csv,grade,0.08,350,0.10348202221611186,11,top_20_plus_other
HXPC13_DI_v3_11-13-2019.csv,grade,0.07,346,0.10229937053364199,12,top_20_plus_other
HXPC13_DI_v3_11-13-2019.csv,grade,0.13,341,0.10082105593055471,13,top_20_plus_other
HXPC13_DI_v3_11-13-2019.csv,grade,0.89,271,0.08012465148733233,14,top_20_plus_other
HXPC13_DI_v3_11-13-2019.csv,grade,0.1,263,0.07775934812239262,15,top_20_plus_other
HXPC13_DI_v3_11-13-2019.csv,grade,0.12,218,0.06445451669460682,16,top_20_plus_other
HXPC13_DI_v3_11-13-2019.csv,grade,0.11,216,0.06386319085337189,17,top_20_plus_other
HXPC13_DI_v3_11-13-2019.csv,grade,0.99,210,0.06208921332966712,18,top_20_plus_other
HXPC13_DI_v3_11-13-2019.csv,grade,0.18,202,0.05972390996472741,19,top_20_plus_other
HXPC13_DI_v3_11-13-2019.csv,grade,0.88,198,0.05854125828225757,20,top_20_plus_other
HXPC13_DI_v3_11-13-2019.csv,grade,<OTHER_VALUES>,8033,2.375060241320076,21,top_20_plus_other
HXPC13_DI_v3_11-13-2019.csv,grade,<MISSING>,25890,7.654713014786102,0,top_20_plus_other
HXPC13_DI_v3_11-13-2019.csv,start_time_DI,10/15/12,5557,1.6429988498712387,1,top_20_plus_other
HXPC13_DI_v3_11-13-2019.csv,start_time_DI,8/17/12,4911,1.452000603152358,2,top_20_plus_other
HXPC13_DI_v3_11-13-2019.csv,start_time_DI,3/3/13,3790,1.1205624691401828,3,top_20_plus_other
HXPC13_DI_v3_11-13-2019.csv,start_time_DI,12/20/12,3781,1.1179015028546255,4,top_20_plus_other
HXPC13_DI_v3_11-13-2019.csv,start_time_DI,12/21/12,3736,1.1045966714268396,5,top_20_plus_other
HXPC13_DI_v3_11-13-2019.csv,start_time_DI,10/16/12,3661,1.08242195238053,6,top_20_plus_other
HXPC13_DI_v3_11-13-2019.csv,start_time_DI,8/16/12,3356,0.992244761592204,7,top_20_plus_other
HXPC13_DI_v3_11-13-2019.csv,start_time_DI,8/13/12,3118,0.921876986485248,8,top_20_plus_other
HXPC13_DI_v3_11-13-2019.csv,start_time_DI,10/14/12,3026,0.8946759977884414,9,top_20_plus_other
HXPC13_DI_v3_11-13-2019.csv,start_time_DI,8/18/12,2807,0.8299258181732171,10,top_20_plus_other
HXPC13_DI_v3_11-13-2019.csv,start_time_DI,7/24/12,2517,0.744183571194153,11,top_20_plus_other
HXPC13_DI_v3_11-13-2019.csv,start_time_DI,1/23/13,2491,0.7364963352580989,12,top_20_plus_other
HXPC13_DI_v3_11-13-2019.csv,start_time_DI,10/17/12,2365,0.6992428072602987,13,top_20_plus_other
HXPC13_DI_v3_11-13-2019.csv,start_time_DI,2/14/13,2342,0.6924425600860971,14,top_20_plus_other
HXPC13_DI_v3_11-13-2019.csv,start_time_DI,8/20/12,2169,0.641292874819276,15,top_20_plus_other
HXPC13_DI_v3_11-13-2019.csv,start_time_DI,9/12/12,1841,0.5443154368567483,16,top_20_plus_other
HXPC13_DI_v3_11-13-2019.csv,start_time_DI,10/18/12,1826,0.5398804930474864,17,top_20_plus_other
HXPC13_DI_v3_11-13-2019.csv,start_time_DI,7/25/12,1819,0.5378108526031642,18,top_20_plus_other
HXPC13_DI_v3_11-13-2019.csv,start_time_DI,10/22/12,1781,0.5265756616197006,19,top_20_plus_other
HXPC13_DI_v3_11-13-2019.csv,start_time_DI,8/21/12,1771,0.523619032413526,20,top_20_plus_other
HXPC13_DI_v3_11-13-2019.csv,start_time_DI,<OTHER_VALUES>,279558,82.65493476197656,21,top_20_plus_other
HXPC13_DI_v3_11-13-2019.csv,start_time_DI,<MISSING>,0,0.0,0,top_20_plus_other
HXPC13_DI_v3_11-13-2019.csv,last_event_DI,11/17/13,7046,2.0832409386706403,1,top_20_plus_other
HXPC13_DI_v3_11-13-2019.csv,last_event_DI,3/13/13,3072,0.9082764921368447,2,top_20_plus_other
HXPC13_DI_v3_11-13-2019.csv,last_event_DI,3/14/13,2187,0.6466148073903903,3,top_20_plus_other
HXPC13_DI_v3_11-13-2019.csv,last_event_DI,3/18/13,1635,0.4834088752095511,4,top_20_plus_other
HXPC13_DI_v3_11-13-2019.csv,last_event_DI,3/19/13,1629,0.4816348976858463,5,top_20_plus_other
HXPC13_DI_v3_11-13-2019.csv,last_event_DI,3/12/13,1549,0.45798186403644936,6,top_20_plus_other
HXPC13_DI_v3_11-13-2019.csv,last_event_DI,5/15/13,1526,0.4511816168622477,7,top_20_plus_other
HXPC13_DI_v3_11-13-2019.csv,last_event_DI,5/16/13,1490,0.440537751720019,8,top_20_plus_other
HXPC13_DI_v3_11-13-2019.csv,last_event_DI,3/20/13,1470,0.43462449330766983,9,top_20_plus_other
HXPC13_DI_v3_11-13-2019.csv,last_event_DI,3/30/13,1468,0.4340331674664349,10,top_20_plus_other
HXPC13_DI_v3_11-13-2019.csv,last_event_DI,3/15/13,1462,0.43225918994273005,11,top_20_plus_other
HXPC13_DI_v3_11-13-2019.csv,last_event_DI,3/4/13,1460,0.4316678641014952,12,top_20_plus_other
HXPC13_DI_v3_11-13-2019.csv,last_event_DI,10/16/12,1315,0.3887967406119631,13,top_20_plus_other
HXPC13_DI_v3_11-13-2019.csv,last_event_DI,2/15/13,1279,0.3781528754697345,14,top_20_plus_other
HXPC13_DI_v3_11-13-2019.csv,last_event_DI,7/26/13,1276,0.3772658867078821,15,top_20_plus_other
HXPC13_DI_v3_11-13-2019.csv,last_event_DI,3/17/13,1239,0.36632635864503593,16,top_20_plus_other
HXPC13_DI_v3_11-13-2019.csv,last_event_DI,5/20/13,1235,0.3651437069625661,17,top_20_plus_other
HXPC13_DI_v3_11-13-2019.csv,last_event_DI,10/22/12,1229,0.3633697294388613,18,top_20_plus_other
HXPC13_DI_v3_11-13-2019.csv,last_event_DI,10/15/12,1201,0.3550911676615724,19,top_20_plus_other
HXPC13_DI_v3_11-13-2019.csv,last_event_DI,3/21/13,1199,0.3544998418203375,20,top_20_plus_other
HXPC13_DI_v3_11-13-2019.csv,last_event_DI,<OTHER_VALUES>,150025,44.3568296656348,21,top_20_plus_other
HXPC13_DI_v3_11-13-2019.csv,last_event_DI,<MISSING>,152231,45.009062068516926,0,top_20_plus_other
HXPC13_DI_v3_11-13-2019.csv,nevents,1.0,26056,7.703793059608602,1,top_20_plus_other
HXPC13_DI_v3_11-13-2019.csv,nevents,2.0,13768,4.070687091061223,2,top_20_plus_other
HXPC13_DI_v3_11-13-2019.csv,nevents,3.0,7567,2.2372813203123383,3,top_20_plus_other
HXPC13_DI_v3_11-13-2019.csv,nevents,4.0,5992,1.771612220339835,4,top_20_plus_other
HXPC13_DI_v3_11-13-2019.csv,nevents,5.0,5189,1.5341948950840127,5,top_20_plus_other
HXPC13_DI_v3_11-13-2019.csv,nevents,6.0,4318,1.2766724912262029,6,top_20_plus_other
HXPC13_DI_v3_11-13-2019.csv,nevents,7.0,3676,1.086856896189792,7,top_20_plus_other
HXPC13_DI_v3_11-13-2019.csv,nevents,8.0,3508,1.0371855255260582,8,top_20_plus_other
HXPC13_DI_v3_11-13-2019.csv,nevents,9.0,3192,0.94375604261094,9,top_20_plus_other
HXPC13_DI_v3_11-13-2019.csv,nevents,10.0,2949,0.8719099529008968,10,top_20_plus_other
HXPC13_DI_v3_11-13-2019.csv,nevents,11.0,2655,0.7849850542393628,11,top_20_plus_other
HXPC13_DI_v3_11-13-2019.csv,nevents,12.0,2551,0.7542361104951467,12,top_20_plus_other
HXPC13_DI_v3_11-13-2019.csv,nevents,13.0,2208,0.652823728723357,13,top_20_plus_other
HXPC13_DI_v3_11-13-2019.csv,nevents,14.0,2070,0.6120222456781472,14,top_20_plus_other
HXPC13_DI_v3_11-13-2019.csv,nevents,15.0,1912,0.5653075042205882,15,top_20_plus_other
HXPC13_DI_v3_11-13-2019.csv,nevents,16.0,1858,0.5493417065072452,16,top_20_plus_other
HXPC13_DI_v3_11-13-2019.csv,nevents,17.0,1731,0.5117925155888275,17,top_20_plus_other
HXPC13_DI_v3_11-13-2019.csv,nevents,18.0,1587,0.4692170550199129,18,top_20_plus_other
HXPC13_DI_v3_11-13-2019.csv,nevents,19.0,1471,0.4349201562282873,19,top_20_plus_other
HXPC13_DI_v3_11-13-2019.csv,nevents,21.0,1417,0.41895435851494434,20,top_20_plus_other
HXPC13_DI_v3_11-13-2019.csv,nevents,<OTHER_VALUES>,83270,24.6198513998161,21,top_20_plus_other
HXPC13_DI_v3_11-13-2019.csv,nevents,<MISSING>,159278,47.09259867010818,0,top_20_plus_other
HXPC13_DI_v3_11-13-2019.csv,ndays_act,1.0,87691,25.9269771718659,1,top_20_plus_other
HXPC13_DI_v3_11-13-2019.csv,ndays_act,2.0,33798,9.992815391028996,2,top_20_plus_other
HXPC13_DI_v3_11-13-2019.csv,ndays_act,3.0,17958,5.309514728448391,3,top_20_plus_other
HXPC13_DI_v3_11-13-2019.csv,ndays_act,4.0,10992,3.2499268234271477,4,top_20_plus_other
HXPC13_DI_v3_11-13-2019.csv,ndays_act,5.0,7535,2.2278201068525796,5,top_20_plus_other
HXPC13_DI_v3_11-13-2019.csv,ndays_act,6.0,5326,1.574700715208605,6,top_20_plus_other
HXPC13_DI_v3_11-13-2019.csv,ndays_act,7.0,4162,1.2305490756098787,7,top_20_plus_other
HXPC13_DI_v3_11-13-2019.csv,ndays_act,8.0,3243,0.9588348515624308,8,top_20_plus_other
HXPC13_DI_v3_11-13-2019.csv,ndays_act,9.0,2499,0.7388616386230387,9,top_20_plus_other
HXPC13_DI_v3_11-13-2019.csv,ndays_act,10.0,2111,0.6241444254234632,10,top_20_plus_other
HXPC13_DI_v3_11-13-2019.csv,ndays_act,11.0,1740,0.5144534818743847,11,top_20_plus_other
HXPC13_DI_v3_11-13-2019.csv,ndays_act,12.0,1516,0.4482249876560731,12,top_20_plus_other
HXPC13_DI_v3_11-13-2019.csv,ndays_act,13.0,1371,0.40535386416654096,13,top_20_plus_other
HXPC13_DI_v3_11-13-2019.csv,ndays_act,14.0,1135,0.3355774149008199,14,top_20_plus_other
HXPC13_DI_v3_11-13-2019.csv,ndays_act,15.0,1016,0.30039352734734187,15,top_20_plus_other
HXPC13_DI_v3_11-13-2019.csv,ndays_act,16.0,859,0.25397444881040027,16,top_20_plus_other
HXPC13_DI_v3_11-13-2019.csv,ndays_act,17.0,778,0.2300257522403858,17,top_20_plus_other
HXPC13_DI_v3_11-13-2019.csv,ndays_act,18.0,747,0.22086020170124446,18,top_20_plus_other
HXPC13_DI_v3_11-13-2019.csv,ndays_act,19.0,659,0.19484186468690776,19,top_20_plus_other
HXPC13_DI_v3_11-13-2019.csv,ndays_act,21.0,596,0.1762151006880076,20,top_20_plus_other
HXPC13_DI_v3_11-13-2019.csv,ndays_act,<OTHER_VALUES>,9981,2.9510116106828925,21,top_20_plus_other
HXPC13_DI_v3_11-13-2019.csv,ndays_act,<MISSING>,142510,42.13492281719458,0,top_20_plus_other
HXPC13_DI_v3_11-13-2019.csv,nplay_video,1.0,3316,0.9804182447675055,1,top_20_plus_other
HXPC13_DI_v3_11-13-2019.csv,nplay_video,2.0,2210,0.653415054564592,2,top_20_plus_other
HXPC13_DI_v3_11-13-2019.csv,nplay_video,3.0,1549,0.45798186403644936,3,top_20_plus_other
HXPC13_DI_v3_11-13-2019.csv,nplay_video,4.0,1317,0.389388066453198,4,top_20_plus_other
HXPC13_DI_v3_11-13-2019.csv,nplay_video,5.0,1071,0.31665498798130226,5,top_20_plus_other
HXPC13_DI_v3_11-13-2019.csv,nplay_video,6.0,970,0.28679303299893855,6,top_20_plus_other
HXPC13_DI_v3_11-13-2019.csv,nplay_video,7.0,833,0.2462872128743462,7,top_20_plus_other
HXPC13_DI_v3_11-13-2019.csv,nplay_video,8.0,763,0.22559080843112386,8,top_20_plus_other
HXPC13_DI_v3_11-13-2019.csv,nplay_video,9.0,698,0.20637271859098877,9,top_20_plus_other
HXPC13_DI_v3_11-13-2019.csv,nplay_video,10.0,672,0.19868548265493477,10,top_20_plus_other
HXPC13_DI_v3_11-13-2019.csv,nplay_video,11.0,587,0.17355413440245046,11,top_20_plus_other
HXPC13_DI_v3_11-13-2019.csv,nplay_video,12.0,555,0.16409292094269165,12,top_20_plus_other
HXPC13_DI_v3_11-13-2019.csv,nplay_video,14.0,470,0.13896157269020737,13,top_20_plus_other
HXPC13_DI_v3_11-13-2019.csv,nplay_video,15.0,458,0.1354136176427978,14,top_20_plus_other
HXPC13_DI_v3_11-13-2019.csv,nplay_video,13.0,446,0.13186566259538826,15,top_20_plus_other
HXPC13_DI_v3_11-13-2019.csv,nplay_video,16.0,426,0.125952404183039,16,top_20_plus_other
HXPC13_DI_v3_11-13-2019.csv,nplay_video,17.0,373,0.11028226939031349,17,top_20_plus_other
HXPC13_DI_v3_11-13-2019.csv,nplay_video,18.0,371,0.10969094354907856,18,top_20_plus_other
HXPC13_DI_v3_11-13-2019.csv,nplay_video,20.0,337,0.09963840424808484,19,top_20_plus_other
HXPC13_DI_v3_11-13-2019.csv,nplay_video,19.0,334,0.09875141548623245,20,top_20_plus_other
HXPC13_DI_v3_11-13-2019.csv,nplay_video,<OTHER_VALUES>,15521,4.588984190903635,21,top_20_plus_other
HXPC13_DI_v3_11-13-2019.csv,nplay_video,<MISSING>,304946,90.1612249906127,0,top_20_plus_other
HXPC13_DI_v3_11-13-2019.csv,nchapters,1.0,72701,21.494989991810137,1,all_values
HXPC13_DI_v3_11-13-2019.csv,nchapters,2.0,53732,15.886560050617494,2,all_values
HXPC13_DI_v3_11-13-2019.csv,nchapters,3.0,21811,6.448703961587474,3,all_values
HXPC13_DI_v3_11-13-2019.csv,nchapters,4.0,10684,3.1588626438769687,4,all_values
HXPC13_DI_v3_11-13-2019.csv,nchapters,5.0,6384,1.88751208522188,5,all_values
HXPC13_DI_v3_11-13-2019.csv,nchapters,12.0,5568,1.646251141998031,6,all_values
HXPC13_DI_v3_11-13-2019.csv,nchapters,6.0,3925,1.1604769634235401,7,all_values
HXPC13_DI_v3_11-13-2019.csv,nchapters,7.0,3203,0.9470083347377322,8,all_values
HXPC13_DI_v3_11-13-2019.csv,nchapters,8.0,2293,0.6779550769758413,9,all_values
HXPC13_DI_v3_11-13-2019.csv,nchapters,9.0,2059,0.6087699535513552,10,all_values
HXPC13_DI_v3_11-13-2019.csv,nchapters,10.0,1920,0.567672807585528,11,all_values
HXPC13_DI_v3_11-13-2019.csv,nchapters,11.0,1516,0.4482249876560731,12,all_values
HXPC13_DI_v3_11-13-2019.csv,nchapters,15.0,1143,0.33794271826575956,13,all_values
HXPC13_DI_v3_11-13-2019.csv,nchapters,16.0,1011,0.29891521274425453,14,all_values
HXPC13_DI_v3_11-13-2019.csv,nchapters,14.0,849,0.25101781960422564,15,all_values
HXPC13_DI_v3_11-13-2019.csv,nchapters,13.0,798,0.235939010652735,16,all_values
HXPC13_DI_v3_11-13-2019.csv,nchapters,32.0,627,0.18538065122714895,17,all_values
HXPC13_DI_v3_11-13-2019.csv,nchapters,33.0,480,0.141918201896382,18,all_values
HXPC13_DI_v3_11-13-2019.csv,nchapters,31.0,352,0.10407334805734678,19,all_values
HXPC13_DI_v3_11-13-2019.csv,nchapters,27.0,336,0.09934274132746738,20,all_values
HXPC13_DI_v3_11-13-2019.csv,nchapters,26.0,316,0.09342948291511813,21,all_values
HXPC13_DI_v3_11-13-2019.csv,nchapters,34.0,255,0.07539404475745293,22,all_values
HXPC13_DI_v3_11-13-2019.csv,nchapters,25.0,227,0.06711548298016397,23,all_values
HXPC13_DI_v3_11-13-2019.csv,nchapters,18.0,170,0.05026269650496862,24,all_values
HXPC13_DI_v3_11-13-2019.csv,nchapters,28.0,169,0.04996703358435115,25,all_values
HXPC13_DI_v3_11-13-2019.csv,nchapters,29.0,158,0.046714741457559064,26,all_values
HXPC13_DI_v3_11-13-2019.csv,nchapters,17.0,154,0.04553208977508922,27,all_values
HXPC13_DI_v3_11-13-2019.csv,nchapters,30.0,146,0.04316678641014952,28,all_values
HXPC13_DI_v3_11-13-2019.csv,nchapters,24.0,136,0.040210157203974896,29,all_values
HXPC13_DI_v3_11-13-2019.csv,nchapters,19.0,132,0.03902750552150504,30,all_values
HXPC13_DI_v3_11-13-2019.csv,nchapters,20.0,129,0.03814051675965265,31,all_values
HXPC13_DI_v3_11-13-2019.csv,nchapters,23.0,127,0.037549190918417734,32,all_values
HXPC13_DI_v3_11-13-2019.csv,nchapters,21.0,126,0.03725352799780027,33,all_values
HXPC13_DI_v3_11-13-2019.csv,nchapters,22.0,121,0.03577521339471296,34,all_values
HXPC13_DI_v3_11-13-2019.csv,nchapters,<MISSING>,144465,42.71294382700171,0,all_values
HXPC13_DI_v3_11-13-2019.csv,nforum_posts,0,335591,99.22181519293484,1,all_values
HXPC13_DI_v3_11-13-2019.csv,nforum_posts,1,1816,0.5369238638413117,2,all_values
HXPC13_DI_v3_11-13-2019.csv,nforum_posts,2,568,0.16793653891071866,3,all_values
HXPC13_DI_v3_11-13-2019.csv,nforum_posts,3,147,0.043462449330766977,4,all_values
HXPC13_DI_v3_11-13-2019.csv,nforum_posts,4,56,0.016557123554577897,5,all_values
HXPC13_DI_v3_11-13-2019.csv,nforum_posts,5,29,0.00857422469790641,6,all_values
HXPC13_DI_v3_11-13-2019.csv,nforum_posts,6,11,0.0032522921267920868,7,all_values
HXPC13_DI_v3_11-13-2019.csv,nforum_posts,7,5,0.0014783146030873122,8,all_values
HXPC13_DI_v3_11-13-2019.csv,nforum_posts,<MISSING>,0,0.0,0,all_values
HXPC13_DI_v3_11-13-2019.csv,roles,<MISSING>,338223,100.0,0,all_values
HXPC13_DI_v3_11-13-2019.csv,incomplete_flag,1.0,77385,22.879875111982333,1,all_values
HXPC13_DI_v3_11-13-2019.csv,incomplete_flag,<MISSING>,260838,77.12012488801767,0,all_values
big_student_clear_third_version.csv,Unnamed: 0,4,1,0.00023985359336660904,1,top_20_plus_other
big_student_clear_third_version.csv,Unnamed: 0,429312,1,0.00023985359336660904,2,top_20_plus_other
big_student_clear_third_version.csv,Unnamed: 0,429323,1,0.00023985359336660904,3,top_20_plus_other
big_student_clear_third_version.csv,Unnamed: 0,429322,1,0.00023985359336660904,4,top_20_plus_other
big_student_clear_third_version.csv,Unnamed: 0,429321,1,0.00023985359336660904,5,top_20_plus_other
big_student_clear_third_version.csv,Unnamed: 0,429320,1,0.00023985359336660904,6,top_20_plus_other
big_student_clear_third_version.csv,Unnamed: 0,429319,1,0.00023985359336660904,7,top_20_plus_other
big_student_clear_third_version.csv,Unnamed: 0,429318,1,0.00023985359336660904,8,top_20_plus_other
big_student_clear_third_version.csv,Unnamed: 0,429317,1,0.00023985359336660904,9,top_20_plus_other
big_student_clear_third_version.csv,Unnamed: 0,429316,1,0.00023985359336660904,10,top_20_plus_other
big_student_clear_third_version.csv,Unnamed: 0,429315,1,0.00023985359336660904,11,top_20_plus_other
big_student_clear_third_version.csv,Unnamed: 0,429313,1,0.00023985359336660904,12,top_20_plus_other
big_student_clear_third_version.csv,Unnamed: 0,429311,1,0.00023985359336660904,13,top_20_plus_other
big_student_clear_third_version.csv,Unnamed: 0,429299,1,0.00023985359336660904,14,top_20_plus_other
big_student_clear_third_version.csv,Unnamed: 0,429310,1,0.00023985359336660904,15,top_20_plus_other
big_student_clear_third_version.csv,Unnamed: 0,429309,1,0.00023985359336660904,16,top_20_plus_other
big_student_clear_third_version.csv,Unnamed: 0,429308,1,0.00023985359336660904,17,top_20_plus_other
big_student_clear_third_version.csv,Unnamed: 0,429307,1,0.00023985359336660904,18,top_20_plus_other
big_student_clear_third_version.csv,Unnamed: 0,429306,1,0.00023985359336660904,19,top_20_plus_other
big_student_clear_third_version.csv,Unnamed: 0,429305,1,0.00023985359336660904,20,top_20_plus_other
big_student_clear_third_version.csv,Unnamed: 0,<OTHER_VALUES>,416901,99.99520292813267,21,top_20_plus_other
big_student_clear_third_version.csv,Unnamed: 0,<MISSING>,0,0.0,0,top_20_plus_other
big_student_clear_third_version.csv,institute,MITx,240119,57.5934049855968,1,all_values
big_student_clear_third_version.csv,institute,HarvardX,176802,42.40659501440321,2,all_values
big_student_clear_third_version.csv,institute,<MISSING>,0,0.0,0,all_values
big_student_clear_third_version.csv,course_id,6.00x,104143,24.979072773978764,1,all_values
big_student_clear_third_version.csv,course_id,6.002x,47219,11.32564682517791,2,all_values
big_student_clear_third_version.csv,course_id,CS50x,46332,11.112896687861728,3,all_values
big_student_clear_third_version.csv,course_id,ER22x,40521,9.719107456808365,4,all_values
big_student_clear_third_version.csv,course_id,PH207x,36557,8.768327812703127,5,all_values
big_student_clear_third_version.csv,course_id,CB22x,28123,6.7454026062491454,6,all_values
big_student_clear_third_version.csv,course_id,PH278x,25269,6.060860450780843,7,all_values
big_student_clear_third_version.csv,course_id,14.73x,23402,5.613053791965384,8,all_values
big_student_clear_third_version.csv,course_id,8.02x,21164,5.076261450010914,9,all_values
big_student_clear_third_version.csv,course_id,7.00x,16740,4.015149152957035,10,all_values
big_student_clear_third_version.csv,course_id,3.091x,15906,3.8151112560892835,11,all_values
big_student_clear_third_version.csv,course_id,8.MReV,7151,1.715193046164621,12,all_values
big_student_clear_third_version.csv,course_id,2.01x,4394,1.05391668925288,13,all_values
big_student_clear_third_version.csv,course_id,<MISSING>,0,0.0,0,all_values
big_student_clear_third_version.csv,year,2013,236860,56.81172212481501,1,all_values
big_student_clear_third_version.csv,year,2012,180061,43.18827787518499,2,all_values
big_student_clear_third_version.csv,year,<MISSING>,0,0.0,0,all_values
big_student_clear_third_version.csv,semester,Spring,244746,58.70320756210409,1,all_values
big_student_clear_third_version.csv,semester,Fall,152292,36.52778344098762,2,all_values
big_student_clear_third_version.csv,semester,Summer,19883,4.769008996908288,3,all_values
big_student_clear_third_version.csv,semester,<MISSING>,0,0.0,0,all_values
big_student_clear_third_version.csv,userid_DI,MHxPC130386513,15,0.0035978039004991354,1,top_20_plus_other
big_student_clear_third_version.csv,userid_DI,MHxPC130027283,15,0.0035978039004991354,2,top_20_plus_other
big_student_clear_third_version.csv,userid_DI,MHxPC130165828,15,0.0035978039004991354,3,top_20_plus_other
big_student_clear_third_version.csv,userid_DI,MHxPC130308115,15,0.0035978039004991354,4,top_20_plus_other
big_student_clear_third_version.csv,userid_DI,MHxPC130522464,14,0.003357950307132526,5,top_20_plus_other
big_student_clear_third_version.csv,userid_DI,MHxPC130358294,14,0.003357950307132526,6,top_20_plus_other
big_student_clear_third_version.csv,userid_DI,MHxPC130414295,14,0.003357950307132526,7,top_20_plus_other
big_student_clear_third_version.csv,userid_DI,MHxPC130464954,14,0.003357950307132526,8,top_20_plus_other
big_student_clear_third_version.csv,userid_DI,MHxPC130314286,14,0.003357950307132526,9,top_20_plus_other
big_student_clear_third_version.csv,userid_DI,MHxPC130156377,14,0.003357950307132526,10,top_20_plus_other
big_student_clear_third_version.csv,userid_DI,MHxPC130495079,14,0.003357950307132526,11,top_20_plus_other
big_student_clear_third_version.csv,userid_DI,MHxPC130406693,14,0.003357950307132526,12,top_20_plus_other
big_student_clear_third_version.csv,userid_DI,MHxPC130043781,14,0.003357950307132526,13,top_20_plus_other
big_student_clear_third_version.csv,userid_DI,MHxPC130203535,14,0.003357950307132526,14,top_20_plus_other
big_student_clear_third_version.csv,userid_DI,MHxPC130156822,14,0.003357950307132526,15,top_20_plus_other
big_student_clear_third_version.csv,userid_DI,MHxPC130478289,14,0.003357950307132526,16,top_20_plus_other
big_student_clear_third_version.csv,userid_DI,MHxPC130197475,13,0.0031180967137659174,17,top_20_plus_other
big_student_clear_third_version.csv,userid_DI,MHxPC130363989,13,0.0031180967137659174,18,top_20_plus_other
big_student_clear_third_version.csv,userid_DI,MHxPC130581195,13,0.0031180967137659174,19,top_20_plus_other
big_student_clear_third_version.csv,userid_DI,MHxPC130109432,13,0.0031180967137659174,20,top_20_plus_other
big_student_clear_third_version.csv,userid_DI,<OTHER_VALUES>,416641,99.93284099385735,21,top_20_plus_other
big_student_clear_third_version.csv,userid_DI,<MISSING>,0,0.0,0,top_20_plus_other
big_student_clear_third_version.csv,viewed,1,296320,71.07341678639358,1,all_values
big_student_clear_third_version.csv,viewed,0,120601,28.926583213606417,2,all_values
big_student_clear_third_version.csv,viewed,<MISSING>,0,0.0,0,all_values
big_student_clear_third_version.csv,explored,0,384566,92.23953698662336,1,all_values
big_student_clear_third_version.csv,explored,1,32355,7.7604630133766355,2,all_values
big_student_clear_third_version.csv,explored,<MISSING>,0,0.0,0,all_values
big_student_clear_third_version.csv,certified,0,402032,96.42881984836455,1,all_values
big_student_clear_third_version.csv,certified,1,14889,3.571180151635442,2,all_values
big_student_clear_third_version.csv,certified,<MISSING>,0,0.0,0,all_values
big_student_clear_third_version.csv,final_cc_cname_DI,United States,129648,31.09653867279413,1,all_values
big_student_clear_third_version.csv,final_cc_cname_DI,India,70205,16.838921522302787,2,all_values
big_student_clear_third_version.csv,final_cc_cname_DI,Other Europe,30973,7.428985347343982,3,all_values
big_student_clear_third_version.csv,final_cc_cname_DI,Other Africa,18854,4.522199649334047,4,all_values
big_student_clear_third_version.csv,final_cc_cname_DI,United Kingdom,15708,3.7676202446026945,5,all_values
big_student_clear_third_version.csv,final_cc_cname_DI,Brazil,13787,3.3068614917454386,6,all_values
big_student_clear_third_version.csv,final_cc_cname_DI,Other Middle East/Central Asia,13641,3.271842867113914,7,all_values
big_student_clear_third_version.csv,final_cc_cname_DI,Other South Asia,10102,2.423001000189484,8,all_values
big_student_clear_third_version.csv,final_cc_cname_DI,Canada,8404,2.015729598652982,9,all_values
big_student_clear_third_version.csv,final_cc_cname_DI,Egypt,7493,1.7972229750960016,10,all_values
big_student_clear_third_version.csv,final_cc_cname_DI,Russian Federation,7272,1.7442153309619808,11,all_values
big_student_clear_third_version.csv,final_cc_cname_DI,Spain,7244,1.7374994303477158,12,all_values
big_student_clear_third_version.csv,final_cc_cname_DI,Pakistan,6997,1.6782555927861633,13,all_values
big_student_clear_third_version.csv,final_cc_cname_DI,Other South America,6678,1.601742296502215,14,all_values
big_student_clear_third_version.csv,final_cc_cname_DI,Germany,6282,1.5067602735290377,15,all_values
big_student_clear_third_version.csv,final_cc_cname_DI,Nigeria,5392,1.293290575432756,16,all_values
big_student_clear_third_version.csv,final_cc_cname_DI,Other East Asia,5241,1.2570726828343979,17,all_values
big_student_clear_third_version.csv,final_cc_cname_DI,Unknown/Other,4792,1.1493784194127905,18,all_values
big_student_clear_third_version.csv,final_cc_cname_DI,Australia,4429,1.0623115650207113,19,all_values
big_student_clear_third_version.csv,final_cc_cname_DI,China,4410,1.0577543467467456,20,all_values
big_student_clear_third_version.csv,final_cc_cname_DI,Poland,3946,0.9464622794246391,21,all_values
big_student_clear_third_version.csv,final_cc_cname_DI,Mexico,3943,0.9457427186445393,22,all_values
big_student_clear_third_version.csv,final_cc_cname_DI,Philippines,3841,0.9212776521211453,23,all_values
big_student_clear_third_version.csv,final_cc_cname_DI,Greece,3766,0.9032886326186497,24,all_values
big_student_clear_third_version.csv,final_cc_cname_DI,Morocco,3416,0.8193398749403363,25,all_values
big_student_clear_third_version.csv,final_cc_cname_DI,France,3328,0.7982327587240748,26,all_values
big_student_clear_third_version.csv,final_cc_cname_DI,"Other North & Central Amer., Caribbean",2980,0.7147637082324949,27,all_values
big_student_clear_third_version.csv,final_cc_cname_DI,Ukraine,2877,0.6900587881157341,28,all_values
big_student_clear_third_version.csv,final_cc_cname_DI,Colombia,2806,0.673029182986705,29,all_values
big_student_clear_third_version.csv,final_cc_cname_DI,Indonesia,2637,0.632493925707748,30,all_values
big_student_clear_third_version.csv,final_cc_cname_DI,Bangladesh,2211,0.5303162949335726,31,all_values
big_student_clear_third_version.csv,final_cc_cname_DI,Japan,1946,0.4667550926914211,32,all_values
big_student_clear_third_version.csv,final_cc_cname_DI,Portugal,1518,0.3640977547305125,33,all_values
big_student_clear_third_version.csv,final_cc_cname_DI,Other Oceania,154,0.03693745337845779,34,all_values
big_student_clear_third_version.csv,final_cc_cname_DI,<MISSING>,0,0.0,0,all_values
big_student_clear_third_version.csv,LoE_DI,Bachelor's,183266,43.95700864192497,1,all_values
big_student_clear_third_version.csv,LoE_DI,Secondary,124140,29.775425080530844,2,all_values
big_student_clear_third_version.csv,LoE_DI,Master's,89492,21.464977777564577,3,all_values
big_student_clear_third_version.csv,LoE_DI,Doctorate,10237,2.4553812352939763,4,all_values
big_student_clear_third_version.csv,LoE_DI,Less than Secondary,9786,2.347207264685636,5,all_values
big_student_clear_third_version.csv,LoE_DI,<MISSING>,0,0.0,0,all_values
big_student_clear_third_version.csv,gender,m,292466,70.14902103755868,1,all_values
big_student_clear_third_version.csv,gender,f,101240,24.282777792435496,2,all_values
big_student_clear_third_version.csv,gender,o,4,0.0009594143734664362,3,all_values
big_student_clear_third_version.csv,gender,<MISSING>,23211,5.567241755632362,0,all_values
big_student_clear_third_version.csv,grade,0.0,352600,84.57237702106633,1,top_20_plus_other
big_student_clear_third_version.csv,grade,0.01,17380,4.168655452711665,2,top_20_plus_other
big_student_clear_third_version.csv,grade,0.02,4757,1.1409835436449591,3,top_20_plus_other
big_student_clear_third_version.csv,grade,0.03,4065,0.9750048570352656,4,top_20_plus_other
big_student_clear_third_version.csv,grade,0.04,3487,0.8363694800693657,5,top_20_plus_other
big_student_clear_third_version.csv,grade,0.05,1977,0.47419055408578603,6,top_20_plus_other
big_student_clear_third_version.csv,grade,0.06,1827,0.4382125150807947,7,top_20_plus_other
big_student_clear_third_version.csv,grade,1.0,1739,0.4171053988645331,8,top_20_plus_other
big_student_clear_third_version.csv,grade,0.07,1169,0.28038885064556596,9,top_20_plus_other
big_student_clear_third_version.csv,grade,0.09,1100,0.2638389527032699,10,top_20_plus_other
big_student_clear_third_version.csv,grade,0.08,929,0.2228239882375798,11,top_20_plus_other
big_student_clear_third_version.csv,grade,0.1,706,0.16933663691682596,12,top_20_plus_other
big_student_clear_third_version.csv,grade,0.13,677,0.16238088270919432,13,top_20_plus_other
big_student_clear_third_version.csv,grade,0.11,614,0.14727010632709794,14,top_20_plus_other
big_student_clear_third_version.csv,grade,0.12,596,0.142952741646499,15,top_20_plus_other
big_student_clear_third_version.csv,grade,0.89,500,0.1199267966833045,16,top_20_plus_other
big_student_clear_third_version.csv,grade,0.15,469,0.11249133528893962,17,top_20_plus_other
big_student_clear_third_version.csv,grade,0.88,466,0.1117717745088398,18,top_20_plus_other
big_student_clear_third_version.csv,grade,0.14,461,0.11057250654200677,19,top_20_plus_other
big_student_clear_third_version.csv,grade,0.91,459,0.11009279935527354,20,top_20_plus_other
big_student_clear_third_version.csv,grade,<OTHER_VALUES>,20943,5.023253805876893,21,top_20_plus_other
big_student_clear_third_version.csv,grade,<MISSING>,0,0.0,0,top_20_plus_other
big_student_clear_third_version.csv,start_time_DI,2013-01-23,4199,1.0071452385463913,1,top_20_plus_other
big_student_clear_third_version.csv,start_time_DI,2013-03-03,4125,0.9893960726372621,2,top_20_plus_other
big_student_clear_third_version.csv,start_time_DI,2013-02-14,3911,0.9380674036568079,3,top_20_plus_other
big_student_clear_third_version.csv,start_time_DI,2012-08-17,3305,0.7927161260766428,4,top_20_plus_other
big_student_clear_third_version.csv,start_time_DI,2012-12-20,3156,0.7569779406650181,5,top_20_plus_other
big_student_clear_third_version.csv,start_time_DI,2013-02-15,3104,0.7445055538099544,6,top_20_plus_other
big_student_clear_third_version.csv,start_time_DI,2012-12-21,2968,0.7118854651120956,7,top_20_plus_other
big_student_clear_third_version.csv,start_time_DI,2012-10-15,2965,0.7111659043319957,8,top_20_plus_other
big_student_clear_third_version.csv,start_time_DI,2013-02-12,2772,0.6648741608122402,9,top_20_plus_other
big_student_clear_third_version.csv,start_time_DI,2013-02-21,2672,0.6408888014755793,10,top_20_plus_other
big_student_clear_third_version.csv,start_time_DI,2012-08-13,2634,0.6317743649276482,11,top_20_plus_other
big_student_clear_third_version.csv,start_time_DI,2013-03-06,2603,0.6243389035332834,12,top_20_plus_other
big_student_clear_third_version.csv,start_time_DI,2013-03-12,2577,0.6181027101057515,13,top_20_plus_other
big_student_clear_third_version.csv,start_time_DI,2012-10-03,2544,0.6101875415246534,14,top_20_plus_other
big_student_clear_third_version.csv,start_time_DI,2012-08-18,2493,0.5979550082629563,15,top_20_plus_other
big_student_clear_third_version.csv,start_time_DI,2013-02-04,2452,0.5881210109349253,16,top_20_plus_other
big_student_clear_third_version.csv,start_time_DI,2013-03-04,2417,0.579726135167094,17,top_20_plus_other
big_student_clear_third_version.csv,start_time_DI,2013-02-18,2367,0.5677334554987635,18,top_20_plus_other
big_student_clear_third_version.csv,start_time_DI,2013-03-13,2342,0.5617371156645983,19,top_20_plus_other
big_student_clear_third_version.csv,start_time_DI,2013-02-27,2333,0.5595784333242988,20,top_20_plus_other
big_student_clear_third_version.csv,start_time_DI,<OTHER_VALUES>,358982,86.10312265393205,21,top_20_plus_other
big_student_clear_third_version.csv,start_time_DI,<MISSING>,0,0.0,0,top_20_plus_other
big_student_clear_third_version.csv,last_event_DI,2013-11-17,6442,1.5451368484676953,1,top_20_plus_other
big_student_clear_third_version.csv,last_event_DI,2013-03-13,4355,1.0445623991115822,2,top_20_plus_other
big_student_clear_third_version.csv,last_event_DI,2013-03-14,3211,0.7701698883001815,3,top_20_plus_other
big_student_clear_third_version.csv,last_event_DI,2012-10-16,3064,0.73491141007529,4,top_20_plus_other
big_student_clear_third_version.csv,last_event_DI,2012-10-15,2875,0.689579080929001,5,top_20_plus_other
big_student_clear_third_version.csv,last_event_DI,2013-03-12,2760,0.6619959176918409,6,top_20_plus_other
big_student_clear_third_version.csv,last_event_DI,2013-03-19,2645,0.6344127544546808,7,top_20_plus_other
big_student_clear_third_version.csv,last_event_DI,2013-03-18,2619,0.628176561027149,8,top_20_plus_other
big_student_clear_third_version.csv,last_event_DI,2013-03-06,2573,0.6171432957322851,9,top_20_plus_other
big_student_clear_third_version.csv,last_event_DI,2013-02-15,2540,0.6092281271511869,10,top_20_plus_other
big_student_clear_third_version.csv,last_event_DI,2013-03-30,2487,0.5965158867027566,11,top_20_plus_other
big_student_clear_third_version.csv,last_event_DI,2013-03-20,2470,0.5924383756155243,12,top_20_plus_other
big_student_clear_third_version.csv,last_event_DI,2013-03-15,2400,0.5756486240798616,13,top_20_plus_other
big_student_clear_third_version.csv,last_event_DI,2013-02-14,2381,0.571091405805896,14,top_20_plus_other
big_student_clear_third_version.csv,last_event_DI,2013-03-04,2342,0.5617371156645983,15,top_20_plus_other
big_student_clear_third_version.csv,last_event_DI,2013-02-19,2272,0.5449473641289357,16,top_20_plus_other
big_student_clear_third_version.csv,last_event_DI,2013-02-21,2231,0.5351133668009047,17,top_20_plus_other
big_student_clear_third_version.csv,last_event_DI,2013-03-05,2218,0.5319952700871388,18,top_20_plus_other
big_student_clear_third_version.csv,last_event_DI,2013-03-25,2206,0.5291170269667395,19,top_20_plus_other
big_student_clear_third_version.csv,last_event_DI,2013-03-07,2200,0.5276779054065398,20,top_20_plus_other
big_student_clear_third_version.csv,last_event_DI,<OTHER_VALUES>,360630,86.49840137580021,21,top_20_plus_other
big_student_clear_third_version.csv,last_event_DI,<MISSING>,0,0.0,0,top_20_plus_other
big_student_clear_third_version.csv,nevents,1,57550,13.80357429824835,1,top_20_plus_other
big_student_clear_third_version.csv,nevents,2,31645,7.590166962086342,2,top_20_plus_other
big_student_clear_third_version.csv,nevents,0,17358,4.1633786736576,3,top_20_plus_other
big_student_clear_third_version.csv,nevents,3,16352,3.922085958730791,4,top_20_plus_other
big_student_clear_third_version.csv,nevents,4,11330,2.71754121284368,5,top_20_plus_other
big_student_clear_third_version.csv,nevents,5,9088,2.179789456515743,6,top_20_plus_other
big_student_clear_third_version.csv,nevents,6,7789,1.8682196387325176,7,top_20_plus_other
big_student_clear_third_version.csv,nevents,7,6655,1.596225663854783,8,top_20_plus_other
big_student_clear_third_version.csv,nevents,8,6141,1.472940916864346,9,top_20_plus_other
big_student_clear_third_version.csv,nevents,9,5599,1.342940269259644,10,top_20_plus_other
big_student_clear_third_version.csv,nevents,10,5155,1.2364452738048695,11,top_20_plus_other
big_student_clear_third_version.csv,nevents,11,4818,1.1556146128403222,12,top_20_plus_other
big_student_clear_third_version.csv,nevents,12,4467,1.0714260015686425,13,top_20_plus_other
big_student_clear_third_version.csv,nevents,13,4144,0.9939532909112277,14,top_20_plus_other
big_student_clear_third_version.csv,nevents,14,3894,0.9339898925695755,15,top_20_plus_other
big_student_clear_third_version.csv,nevents,15,3598,0.8629932289330592,16,top_20_plus_other
big_student_clear_third_version.csv,nevents,16,3509,0.841646259123431,17,top_20_plus_other
big_student_clear_third_version.csv,nevents,17,3243,0.7778452032879131,18,top_20_plus_other
big_student_clear_third_version.csv,nevents,18,3062,0.7344317028885567,19,top_20_plus_other
big_student_clear_third_version.csv,nevents,19,2897,0.6948558599830663,20,top_20_plus_other
big_student_clear_third_version.csv,nevents,<OTHER_VALUES>,208627,50.03993562329554,21,top_20_plus_other
big_student_clear_third_version.csv,nevents,<MISSING>,0,0.0,0,top_20_plus_other
big_student_clear_third_version.csv,ndays_act,1,185916,44.592620664346484,1,top_20_plus_other
big_student_clear_third_version.csv,ndays_act,2,69625,16.69980643815015,2,top_20_plus_other
big_student_clear_third_version.csv,ndays_act,3,36705,8.803826144521384,3,top_20_plus_other
big_student_clear_third_version.csv,ndays_act,4,22695,5.443477301455192,4,top_20_plus_other
big_student_clear_third_version.csv,ndays_act,5,15533,3.7256458657635374,5,top_20_plus_other
big_student_clear_third_version.csv,ndays_act,6,11122,2.6676516654234255,6,top_20_plus_other
big_student_clear_third_version.csv,ndays_act,7,8633,2.0706560715339357,7,top_20_plus_other
big_student_clear_third_version.csv,ndays_act,8,6719,1.6115762938302458,8,top_20_plus_other
big_student_clear_third_version.csv,ndays_act,9,5445,1.306002815881186,9,top_20_plus_other
big_student_clear_third_version.csv,ndays_act,0,5324,1.2769805310838263,10,top_20_plus_other
big_student_clear_third_version.csv,ndays_act,10,4456,1.0687876120416098,11,top_20_plus_other
big_student_clear_third_version.csv,ndays_act,11,3688,0.8845800523360542,12,top_20_plus_other
big_student_clear_third_version.csv,ndays_act,12,3168,0.7598561837854173,13,top_20_plus_other
big_student_clear_third_version.csv,ndays_act,13,2738,0.6567191386377755,14,top_20_plus_other
big_student_clear_third_version.csv,ndays_act,14,2311,0.5543016542702335,15,top_20_plus_other
big_student_clear_third_version.csv,ndays_act,15,2097,0.5029729852897792,16,top_20_plus_other
big_student_clear_third_version.csv,ndays_act,16,1787,0.4286183713461303,17,top_20_plus_other
big_student_clear_third_version.csv,ndays_act,17,1652,0.39623813624163806,18,top_20_plus_other
big_student_clear_third_version.csv,ndays_act,18,1517,0.3638579011371459,19,top_20_plus_other
big_student_clear_third_version.csv,ndays_act,19,1268,0.3041343563888602,20,top_20_plus_other
big_student_clear_third_version.csv,ndays_act,<OTHER_VALUES>,24522,5.881689816535986,21,top_20_plus_other
big_student_clear_third_version.csv,ndays_act,<MISSING>,0,0.0,0,top_20_plus_other
big_student_clear_third_version.csv,nplay_video,197757,255528,61.28930900578287,1,top_20_plus_other
big_student_clear_third_version.csv,nplay_video,1,14984,3.59396624300527,2,top_20_plus_other
big_student_clear_third_version.csv,nplay_video,2,9770,2.3433696071917702,3,top_20_plus_other
big_student_clear_third_version.csv,nplay_video,3,7465,1.7905070744817362,4,top_20_plus_other
big_student_clear_third_version.csv,nplay_video,4,6217,1.4911697899602083,5,top_20_plus_other
big_student_clear_third_version.csv,nplay_video,5,5337,1.2800986277975923,6,top_20_plus_other
big_student_clear_third_version.csv,nplay_video,6,4798,1.15081754097299,7,top_20_plus_other
big_student_clear_third_version.csv,nplay_video,7,4204,1.0083445065132244,8,top_20_plus_other
big_student_clear_third_version.csv,nplay_video,8,3846,0.9224769200879782,9,top_20_plus_other
big_student_clear_third_version.csv,nplay_video,9,3691,0.8852996131161538,10,top_20_plus_other
big_student_clear_third_version.csv,nplay_video,10,3237,0.7764060817277134,11,top_20_plus_other
big_student_clear_third_version.csv,nplay_video,11,3098,0.7430664322497548,12,top_20_plus_other
big_student_clear_third_version.csv,nplay_video,12,2866,0.6874203985887015,13,top_20_plus_other
big_student_clear_third_version.csv,nplay_video,13,2590,0.6212208068195174,14,top_20_plus_other
big_student_clear_third_version.csv,nplay_video,14,2372,0.5689327234655965,15,top_20_plus_other
big_student_clear_third_version.csv,nplay_video,15,2199,0.5274380518131733,16,top_20_plus_other
big_student_clear_third_version.csv,nplay_video,16,2128,0.510408446684144,17,top_20_plus_other
big_student_clear_third_version.csv,nplay_video,17,1919,0.46027904567052275,18,top_20_plus_other
big_student_clear_third_version.csv,nplay_video,18,1835,0.4401313438277275,19,top_20_plus_other
big_student_clear_third_version.csv,nplay_video,19,1689,0.4051127191962026,20,top_20_plus_other
big_student_clear_third_version.csv,nplay_video,<OTHER_VALUES>,77148,18.50422502104715,21,top_20_plus_other
big_student_clear_third_version.csv,nplay_video,<MISSING>,0,0.0,0,top_20_plus_other
big_student_clear_third_version.csv,nchapters,0,135700,32.54813261984884,1,all_values
big_student_clear_third_version.csv,nchapters,2,84616,20.295451656308988,2,all_values
big_student_clear_third_version.csv,nchapters,1,73746,17.68824309641395,3,all_values
big_student_clear_third_version.csv,nchapters,3,42862,10.280604718879596,4,all_values
big_student_clear_third_version.csv,nchapters,4,19616,4.704968087479402,5,all_values
big_student_clear_third_version.csv,nchapters,5,10916,2.6182418251899042,6,all_values
big_student_clear_third_version.csv,nchapters,6,6982,1.6746577888856644,7,all_values
big_student_clear_third_version.csv,nchapters,12,6665,1.5986241997884492,8,all_values
big_student_clear_third_version.csv,nchapters,7,5464,1.3105600341551515,9,all_values
big_student_clear_third_version.csv,nchapters,8,4217,1.0114626032269902,10,all_values
big_student_clear_third_version.csv,nchapters,9,3401,0.8157420710398372,11,all_values
big_student_clear_third_version.csv,nchapters,10,3036,0.728195509461025,12,all_values
big_student_clear_third_version.csv,nchapters,11,2805,0.6727893293933384,13,all_values
big_student_clear_third_version.csv,nchapters,18,2522,0.604910762470588,14,all_values
big_student_clear_third_version.csv,nchapters,16,2376,0.569892137839063,15,all_values
big_student_clear_third_version.csv,nchapters,15,2313,0.5547813614569667,16,all_values
big_student_clear_third_version.csv,nchapters,13,1774,0.42550027463236445,17,all_values
big_student_clear_third_version.csv,nchapters,14,1753,0.4204633491716656,18,all_values
big_student_clear_third_version.csv,nchapters,17,1438,0.34490946726118377,19,all_values
big_student_clear_third_version.csv,nchapters,32,617,0.14798966710719777,20,all_values
big_student_clear_third_version.csv,nchapters,33,472,0.11321089606903946,21,all_values
big_student_clear_third_version.csv,nchapters,20,433,0.10385660592774171,22,all_values
big_student_clear_third_version.csv,nchapters,19,372,0.08922553673237855,23,all_values
big_student_clear_third_version.csv,nchapters,31,361,0.08658714720534585,24,all_values
big_student_clear_third_version.csv,nchapters,27,336,0.08059080737118063,25,all_values
big_student_clear_third_version.csv,nchapters,26,328,0.07867197862424775,26,all_values
big_student_clear_third_version.csv,nchapters,21,289,0.06931768848295,27,all_values
big_student_clear_third_version.csv,nchapters,34,245,0.058764130374819215,28,all_values
big_student_clear_third_version.csv,nchapters,25,240,0.05756486240798617,29,all_values
big_student_clear_third_version.csv,nchapters,28,178,0.0426939396192564,30,all_values
big_student_clear_third_version.csv,nchapters,29,168,0.040295403685590314,31,all_values
big_student_clear_third_version.csv,nchapters,30,166,0.0398156964988571,32,all_values
big_student_clear_third_version.csv,nchapters,24,150,0.03597803900499135,33,all_values
big_student_clear_third_version.csv,nchapters,23,142,0.034059210258058484,34,all_values
big_student_clear_third_version.csv,nchapters,22,140,0.03357950307132526,35,all_values
big_student_clear_third_version.csv,nchapters,36,16,0.0038376574938657447,36,all_values
big_student_clear_third_version.csv,nchapters,35,12,0.002878243120399308,37,all_values
big_student_clear_third_version.csv,nchapters,37,11,0.0026383895270326993,38,all_values
big_student_clear_third_version.csv,nchapters,40,9,0.002158682340299481,39,all_values
big_student_clear_third_version.csv,nchapters,42,8,0.0019188287469328724,40,all_values
big_student_clear_third_version.csv,nchapters,39,6,0.001439121560199654,41,all_values
big_student_clear_third_version.csv,nchapters,38,5,0.0011992679668330452,42,all_values
big_student_clear_third_version.csv,nchapters,45,3,0.000719560780099827,43,all_values
big_student_clear_third_version.csv,nchapters,44,3,0.000719560780099827,44,all_values
big_student_clear_third_version.csv,nchapters,47,3,0.000719560780099827,45,all_values
big_student_clear_third_version.csv,nchapters,43,2,0.0004797071867332181,46,all_values
big_student_clear_third_version.csv,nchapters,41,2,0.0004797071867332181,47,all_values
big_student_clear_third_version.csv,nchapters,46,1,0.00023985359336660904,48,all_values
big_student_clear_third_version.csv,nchapters,48,1,0.00023985359336660904,49,all_values
big_student_clear_third_version.csv,nchapters,<MISSING>,0,0.0,0,all_values
big_student_clear_third_version.csv,nforum_posts,0,411623,98.7292556623437,1,all_values
big_student_clear_third_version.csv,nforum_posts,1,3744,0.8980118535645842,2,all_values
big_student_clear_third_version.csv,nforum_posts,2,1073,0.25736290568237147,3,all_values
big_student_clear_third_version.csv,nforum_posts,3,266,0.063801055835518,4,all_values
big_student_clear_third_version.csv,nforum_posts,4,118,0.028302724017259865,5,all_values
big_student_clear_third_version.csv,nforum_posts,5,61,0.01463106919536315,6,all_values
big_student_clear_third_version.csv,nforum_posts,6,26,0.006236193427531835,7,all_values
big_student_clear_third_version.csv,nforum_posts,7,5,0.0011992679668330452,8,all_values
big_student_clear_third_version.csv,nforum_posts,8,5,0.0011992679668330452,9,all_values
big_student_clear_third_version.csv,nforum_posts,<MISSING>,0,0.0,0,all_values
big_student_clear_third_version.csv,incomplete_flag,0,404807,97.0944135699569,1,all_values
big_student_clear_third_version.csv,incomplete_flag,1,12114,2.9055864300431016,2,all_values
big_student_clear_third_version.csv,incomplete_flag,<MISSING>,0,0.0,0,all_values
big_student_clear_third_version.csv,age,25,35715,8.566371087088442,1,all_values
big_student_clear_third_version.csv,age,22,30982,7.431144029684281,2,all_values
big_student_clear_third_version.csv,age,23,30770,7.380295067890559,3,all_values
big_student_clear_third_version.csv,age,21,27987,6.712782517551287,4,all_values
big_student_clear_third_version.csv,age,20,26826,6.434312495652654,5,all_values
big_student_clear_third_version.csv,age,26,26621,6.3851425090125,6,all_values
big_student_clear_third_version.csv,age,24,25639,6.149606280326489,7,all_values
big_student_clear_third_version.csv,age,27,23753,5.697242403237064,8,all_values
big_student_clear_third_version.csv,age,19,21645,5.191631028420252,9,all_values
big_student_clear_third_version.csv,age,28,18329,4.396276512816577,10,all_values
big_student_clear_third_version.csv,age,29,14304,3.430865799515975,11,all_values
big_student_clear_third_version.csv,age,18,13843,3.3202932929739686,12,all_values
big_student_clear_third_version.csv,age,30,12585,3.0185574725187747,13,all_values
big_student_clear_third_version.csv,age,31,10767,2.5825036397782792,14,all_values
big_student_clear_third_version.csv,age,32,9773,2.34408916797187,15,all_values
big_student_clear_third_version.csv,age,33,8574,2.056504709525306,16,all_values
big_student_clear_third_version.csv,age,17,7686,1.843514718615757,17,all_values
big_student_clear_third_version.csv,age,34,6878,1.6497130151755368,18,all_values
big_student_clear_third_version.csv,age,35,5962,1.4300071236517231,19,all_values
big_student_clear_third_version.csv,age,36,5183,1.2431611744191347,20,all_values
big_student_clear_third_version.csv,age,37,4354,1.0443225455182157,21,all_values
big_student_clear_third_version.csv,age,38,3927,0.9419050611506736,22,all_values
big_student_clear_third_version.csv,age,16,3904,0.9363884285032416,23,all_values
big_student_clear_third_version.csv,age,39,3372,0.8087863168322057,24,all_values
big_student_clear_third_version.csv,age,40,3097,0.7428265786563881,25,all_values
big_student_clear_third_version.csv,age,41,2672,0.6408888014755793,26,all_values
big_student_clear_third_version.csv,age,43,2517,0.6037114945037548,27,all_values
big_student_clear_third_version.csv,age,42,2491,0.597475301076223,28,all_values
big_student_clear_third_version.csv,age,44,2022,0.4849839657872834,29,all_values
big_student_clear_third_version.csv,age,15,2018,0.48402455141381706,30,all_values
big_student_clear_third_version.csv,age,45,1895,0.4545225594297241,31,all_values
big_student_clear_third_version.csv,age,46,1727,0.4142271557441338,32,all_values
big_student_clear_third_version.csv,age,47,1490,0.35738185411624745,33,all_values
big_student_clear_third_version.csv,age,48,1379,0.33075810525255384,34,all_values
big_student_clear_third_version.csv,age,49,1317,0.3158871824638241,35,all_values
big_student_clear_third_version.csv,age,50,1168,0.2801489970521993,36,all_values
big_student_clear_third_version.csv,age,51,1141,0.27367295003130093,37,all_values
big_student_clear_third_version.csv,age,52,1138,0.27295338925120105,38,all_values
big_student_clear_third_version.csv,age,53,1032,0.24752890835434052,39,all_values
big_student_clear_third_version.csv,age,14,919,0.2204254523039137,40,all_values
big_student_clear_third_version.csv,age,54,872,0.20915233341568307,41,all_values
big_student_clear_third_version.csv,age,55,810,0.1942814106269533,42,all_values
big_student_clear_third_version.csv,age,57,783,0.18780536360605485,43,all_values
big_student_clear_third_version.csv,age,56,783,0.18780536360605485,44,all_values
big_student_clear_third_version.csv,age,58,688,0.165019272236227,45,all_values
big_student_clear_third_version.csv,age,59,579,0.13887523055926662,46,all_values
big_student_clear_third_version.csv,age,60,551,0.13215932994500157,47,all_values
big_student_clear_third_version.csv,age,62,489,0.11728840715627181,48,all_values
big_student_clear_third_version.csv,age,63,445,0.10673484904814101,49,all_values
big_student_clear_third_version.csv,age,61,435,0.10433631311447492,50,all_values
big_student_clear_third_version.csv,age,13,357,0.08562773283187942,51,all_values
big_student_clear_third_version.csv,age,64,335,0.08035095377781402,52,all_values
big_student_clear_third_version.csv,age,66,314,0.07531402831711523,53,all_values
big_student_clear_third_version.csv,age,65,311,0.0745944675370154,54,all_values
big_student_clear_third_version.csv,age,67,238,0.057085155221252945,55,all_values
big_student_clear_third_version.csv,age,0,228,0.05468661928758686,56,all_values
big_student_clear_third_version.csv,age,70,183,0.04389320758608945,57,all_values
big_student_clear_third_version.csv,age,68,171,0.04101496446569014,58,all_values
big_student_clear_third_version.csv,age,69,150,0.03597803900499135,59,all_values
big_student_clear_third_version.csv,age,12,148,0.035498331818258136,60,all_values
big_student_clear_third_version.csv,age,71,145,0.03477877103815831,61,all_values
big_student_clear_third_version.csv,age,73,75,0.017989019502495675,62,all_values
big_student_clear_third_version.csv,age,72,72,0.01726945872239585,63,all_values
big_student_clear_third_version.csv,age,74,69,0.016549897942296023,64,all_values
big_student_clear_third_version.csv,age,75,57,0.013671654821896716,65,all_values
big_student_clear_third_version.csv,age,76,50,0.011992679668330451,66,all_values
big_student_clear_third_version.csv,age,11,47,0.011273118888230625,67,all_values
big_student_clear_third_version.csv,age,1,34,0.008155022174464706,68,all_values
big_student_clear_third_version.csv,age,77,32,0.007675314987731489,69,all_values
big_student_clear_third_version.csv,age,78,28,0.006715900614265052,70,all_values
big_student_clear_third_version.csv,age,-1,13,0.0031180967137659174,71,all_values
big_student_clear_third_version.csv,age,10,8,0.0019188287469328724,72,all_values
big_student_clear_third_version.csv,age,82,6,0.001439121560199654,73,all_values
big_student_clear_third_version.csv,age,79,5,0.0011992679668330452,74,all_values
big_student_clear_third_version.csv,age,9,4,0.0009594143734664362,75,all_values
big_student_clear_third_version.csv,age,2,4,0.0009594143734664362,76,all_values
big_student_clear_third_version.csv,age,<MISSING>,0,0.0,0,all_values
