segment,feature,p05,p25,median,p75,p95
all,mean_course_forum_posts_percentile,0.4844963941051458,0.4925880564236844,0.49670740953337356,0.5000029477482152,0.5000029477482152
all,mean_course_chapters_percentile,0.12857927189796436,0.24327423480638616,0.4927569649872423,0.7152448282406528,0.9370935045189628
all,mean_course_active_days_percentile,0.20980186327253642,0.22914730973899822,0.5085758835758836,0.7264458514458515,0.9386011745862253
all,mean_course_events_percentile,0.08012465008186764,0.26927801927801925,0.4992954911433172,0.7322606980066672,0.9397480589446997
high_engagement,mean_course_forum_posts_percentile,0.4844963941051458,0.4925880564236844,0.49620026092628833,0.4992298368769254,0.5000029477482152
high_engagement,mean_course_chapters_percentile,0.5713259925493483,0.7152448282406528,0.8167935081547979,0.9082367665593054,0.9788063646548103
high_engagement,mean_course_active_days_percentile,0.5639269406392694,0.7269090230099804,0.8168613042907755,0.9087142299100581,0.980340400371653
high_engagement,mean_course_events_percentile,0.6183507023108292,0.7394210490509558,0.8286905301314,0.9107507776219981,0.981439513761312
low_engagement,mean_course_forum_posts_percentile,0.4844963941051458,0.4925880564236844,0.4948060661224101,0.49759743726641753,0.5000029477482152
low_engagement,mean_course_chapters_percentile,0.08128655514797392,0.1531362007168459,0.17799760704213316,0.22674185798184732,0.4044924942312768
low_engagement,mean_course_active_days_percentile,0.2070861719382292,0.21524928647877276,0.22483860703038783,0.24921787564380637,0.4985303765909986
low_engagement,mean_course_events_percentile,0.04514842291804384,0.08521069324875397,0.18928571428571428,0.2784621578099839,0.38566390742461354
certified_only,mean_course_forum_posts_percentile,0.4844963941051458,0.4920898249663397,0.494546217312264,0.49759743726641753,0.7464314298477439
certified_only,mean_course_chapters_percentile,0.6377995330373013,0.8941543457824117,0.9650836320191158,0.9788063646548103,0.9940662218092744
certified_only,mean_course_active_days_percentile,0.6071852717200414,0.8866727613271495,0.9576201420093987,0.9827276846397826,0.9964114182147712
certified_only,mean_course_events_percentile,0.6250125370403941,0.8876634316406403,0.9592106228494174,0.9839148164929769,0.9968396713842534
