userid_DI,cluster,cluster_description
MHxPC130000002,0,All core features below average; lowest view rate
MHxPC130000004,1,Higher total active days; lower total forum posts
MHxPC130000006,2,Higher view rate; lower total active days
MHxPC130000007,2,Higher view rate; lower total active days
MHxPC130000008,2,Higher view rate; lower total active days
MHxPC130000011,1,Higher total active days; lower total forum posts
MHxPC130000014,2,Higher view rate; lower total active days
MHxPC130000016,0,All core features below average; lowest view rate
MHxPC130000018,1,Higher total active days; lower total forum posts
MHxPC130000021,1,Higher total active days; lower total forum posts
